Unnamed: 0,id,sequence,extra_name,cpp_category,is_cpp,cpp_type,origin,id_uptake,peptide,uptake_type,raw_efficiency,raw_toxicity,raw_concentration,id_experiment,peptide_experiment,raw_time,method,cell_line,cargo,mechanism,raw_temperature,id_article,doi,pubmed_id,title
0,2721,(Acp)-KKKKKRFSFKKSFKLSGFSFKKNKK,,,True,,,938.0,2721.0,Fluorescence intensity,750,,,1406.0,2721.0,1h,Fluorescent Microscopy,HSC-T6,FITC,,37ºC,,,,
21,2621,?A-[KRRRRRRRRRE],,,True,,,710.0,2621.0,Relative Mean Fluorescence intensity (%),148,,,1308.0,2621.0,,Flow cytometry,HeLa cells,FITC,,,,,,
28,1075,AAAAARRRIRKQAHAHSK,,,False,,,,,,,,,,,,,,,,,1.0,10.1093/database/bas015,,CPPsite: a curated database of cell penetrating peptides
33,826,AAAGVVYLYDGTYEDACHAIQNMAGDAAGMIC,,,False,,,,,,,,,,,,,,,,,1.0,10.1093/database/bas015,,CPPsite: a curated database of cell penetrating peptides
34,2664,AAAWFW,,,True,,,813.0,2664.0,Mean Fluorescence intensity,20000,,,751.0,2664.0,960 min,Flow cytometry,CHO cells,TAMRA,,,,,,
47,1528,AAVALLPAVLLALLAK,,natural_cpp,True,,,,,,,,,,,,,,,,,1.0,10.1093/database/bas015,,CPPsite: a curated database of cell penetrating peptides
132,1531,AAVALLPAVLLALLAPEILLPNNYNAYESYKYPGMFIALSK,,natural_cpp,True,,,,,,,,,,,,,,,,,1.0,10.1093/database/bas015,,CPPsite: a curated database of cell penetrating peptides
138,1536,AAVALLPAVLLALLAPVQRKRQKLMP,,natural_cpp,True,,,,,,,,,,,,,,,,,1.0,10.1093/database/bas015,,CPPsite: a curated database of cell penetrating peptides
146,3053,ACDNPGNETCGGGS,,,True,,,1868.0,3053.0,Uptake amount (x10^3 pfu/ug protein),2,,,1738.0,3053.0,10min,CLSM,Caco-2 cells,Carboxyfluorescein,,37ºC,,,,
147,2519,ACGRGRGRCRGRGRGCG,,,True,,,456.0,2519.0,Normalized Median Fluorescence,20,,,885.0,2519.0,60 min,Flow cytometry,HeLa cells,FITC,,37ºC,,,,
157,2516,ACSGRGSGCGSGRGSCG,,,True,,,453.0,2516.0,Normalized Median Fluorescence,1.25,,,1231.0,2516.0,1h,Flow cytometry,HeLa cells,FITC,,37ºC,,,,
165,670,ADPCYKF,,,False,,,,,,,,,,,,,,,,,1.0,10.1093/database/bas015,,CPPsite: a curated database of cell penetrating peptides
172,285,ADVPVFYLPYFNFP,,,False,,,,,,,,,,,,,,,,,1.0,10.1093/database/bas015,,CPPsite: a curated database of cell penetrating peptides
182,610,AEKYCKTDL,,,False,,,,,,,,,,,,,,,,,1.0,10.1093/database/bas015,,CPPsite: a curated database of cell penetrating peptides
187,403,AESAE,,,False,,,,,,,,,,,,,,,,,1.0,10.1093/database/bas015,,CPPsite: a curated database of cell penetrating peptides
192,222,AFHFILPFIITALVIVHLLFLHETGSNNPS,,,False,,,,,,,,,,,,,,,,,1.0,10.1093/database/bas015,,CPPsite: a curated database of cell penetrating peptides
201,632,AGFGDDAPRAVF,,,False,,,,,,,,,,,,,,,,,1.0,10.1093/database/bas015,,CPPsite: a curated database of cell penetrating peptides
205,909,AGLGGGSSDAASTLLALNRLWKLKLS,,,False,,,,,,,,,,,,,,,,,1.0,10.1093/database/bas015,,CPPsite: a curated database of cell penetrating peptides
206,2689,AGSHRRL,,,True,,,845.0,2689.0,Mean Fluorescence intensity,9320,,,1375.0,2689.0,22h,Flow cytometry,eGFP HeLa 654,PMO,,37ºC,,,,
222,3031,AGYLLGHINLHHLAHL(Aib)HHIL-NH2,,,True,,,1827.0,3031.0,Fluorescence intensity,1700,,,1716.0,3031.0,1h,Flow cytometry,HeLa cells,FITC,,37ºC,,,,
226,3032,AGYLLGHMINLHMHMLAHML(Aib)HMHMIL-NH2,,,True,,,1830.0,3032.0,Fluorescence intensity,1600,,,1717.0,3032.0,1h,Flow cytometry,HeLa cells,FITC,,37ºC,,,,
1811,1538,AGYLLGKINLKALAALAKKILTYADFIASGRTGRRNAI,,natural_cpp,True,,,315.0,1538.0,Fold Change in GeoMean Fluorescence of control sample,15.6,,,465.0,1538.0,30 min,Flow cytometry,A549 cells,Rho,,,1.0,10.1093/database/bas015,,CPPsite: a curated database of cell penetrating peptides
1824,1077,AGYLLGKLKALAALAKKIL,,,False,,,,,,,,,,,,,,,,,1.0,10.1093/database/bas015,,CPPsite: a curated database of cell penetrating peptides
1843,1315,AHALCLTERQIKSNRRMKWWKEN,,,False,,,,,,,,,,,,,,,,,4.0,10.1371/journal.pcbi.1002101,,Prediction of Cell Penetrating Peptides by Support Vector Machines
1859,39,AITFYPFAPNQITCIHE,,,False,,,,,,,,,,,,,,,,,,,,
1864,593,AKFAKL,,,False,,,,,,,,,,,,,,,,,1.0,10.1093/database/bas015,,CPPsite: a curated database of cell penetrating peptides
1866,1078,AKKRRQRRR,,,False,,,9.0,1541.0,Mean Fluorescence intensity,16.25,,,1022.0,1541.0,10 min,Flow cytometry,Jurkat cells,Fluorescein,,23ºC,1.0,10.1093/database/bas015,,CPPsite: a curated database of cell penetrating peptides
1870,1542,AKVKDEPQRRSARLSAKPAPPKPEPKPKKAPAKK,,natural_cpp,True,,,,,,,,,,,,,,,,,1.0,10.1093/database/bas015,,CPPsite: a curated database of cell penetrating peptides
1875,972,ALGIVPLQYVFVMTFT,,,False,,,,,,,,,,,,,,,,,1.0,10.1093/database/bas015,,CPPsite: a curated database of cell penetrating peptides
1876,577,ALHFINW,,,False,,,,,,,,,,,,,,,,,1.0,10.1093/database/bas015,,CPPsite: a curated database of cell penetrating peptides
1877,731,ALHLIPSGILTPGVTNVIGNGVVVD,,,False,,,,,,,,,,,,,,,,,1.0,10.1093/database/bas015,,CPPsite: a curated database of cell penetrating peptides
1883,907,ALLSLSCCLML,,,False,,,,,,,,,,,,,,,,,1.0,10.1093/database/bas015,,CPPsite: a curated database of cell penetrating peptides
1890,1080,ALWMRWYSPTTRRYG,,,False,,,193.0,1545.0,Fluorescence intensity,220,,,1116.0,1545.0,60 min,Flow cytometry,CHO cells,Fluorescein,,37ºC,1.0,10.1093/database/bas015,,CPPsite: a curated database of cell penetrating peptides
1905,769,APKDVVEKVL,,,False,,,,,,,,,,,,,,,,,1.0,10.1093/database/bas015,,CPPsite: a curated database of cell penetrating peptides
1917,788,AQMRRL,,,False,,,,,,,,,,,,,,,,,1.0,10.1093/database/bas015,,CPPsite: a curated database of cell penetrating peptides
1924,245,AREVMDEIEARMQQASGELRFEEA,,,False,,,,,,,,,,,,,,,,,1.0,10.1093/database/bas015,,CPPsite: a curated database of cell penetrating peptides
1930,395,ARSILSKSSSKGGSSN,,,False,,,,,,,,,,,,,,,,,1.0,10.1093/database/bas015,,CPPsite: a curated database of cell penetrating peptides
1939,1260,ASYALEYGKAELEIQKDALEPGQRVVIVDDLLATGGTMCAACELLNQLR,,,False,,,,,,,,,,,,,,,,,2.0,10.1186/1479-5876-11-74,,In silico approaches for designing highly effective cell penetrating peptides
1944,317,AVGCI,,,False,,,,,,,,,,,,,,,,,1.0,10.1093/database/bas015,,CPPsite: a curated database of cell penetrating peptides
1952,2803,AWARAWARAWAR,,,True,,,1272.0,2803.0,Cellular uptake,40,,,1488.0,2803.0,3h,FT-IR,MDA-MB-231 cells,fluorescent tag,,37ºC,,,,
1953,2769,AWRRKLKALAPAKKAKV,,,True,,,1135.0,2769.0,FITC Mean Intensity,0,,,1454.0,2769.0,1h,Flow cytometry,HeLa cells,FITC,,37ºC,,,,
1957,866,AYFKFQENRPPFPPEDWVMFLGL,,,False,,,,,,,,,,,,,,,,,1.0,10.1093/database/bas015,,CPPsite: a curated database of cell penetrating peptides
1964,2744,Ac-CVAKYHGYPWCRRR-NH2,,,True,,,1030.0,2744.0,Cellular uptake,8.7,,,1429.0,2744.0,1h,Cytotoxicity analysis,HEK293T cells,luciferin,,37ºC,,,,
1968,2745,Ac-CVAKYHGYPWCRRR-RRRRR-NH2,,,True,,,1034.0,2745.0,Cellular uptake,10.6,,,1430.0,2745.0,1h,Cytotoxicity analysis,HEK293T cells,luciferin,,37ºC,,,,
1972,2746,Ac-CVAKYHGYPWCRRR-TRVLKRWKLF-NH2,,,True,,,1040.0,2746.0,Cellular uptake,66.8,,,1431.0,2746.0,1h,Cytotoxicity analysis,HEK293T cells,luciferin,,37ºC,,,,
1976,2963,Ac-GLWWRLWWRLRSWFRLWFRA-Cya,,,True,,,1705.0,2963.0,GFP-positive population (%),58.7,,,1648.0,2963.0,4h,Flow cytometry,HEK293T cells,GFP,,,,,,
1978,3003,Ac-RWVRVPGRWIRQLRGG-AFC,,,True,,,1782.0,3003.0,,0,,,1688.0,3003.0,,,HeLa cells,DUB,,,,,,
1989,3064,Acetyl-RLWRLLWRLWRRLWRLLR-NH2,,,True,,,1898.0,3064.0,Relative fluorescence (%),100,,,1749.0,3064.0,4h,Flow cytometry,CHO-K1 cells,Cy3-siRNA,,37ºC,,,,
1992,2373,Aib-NII-Aib-Aib-LL-Aib-Aib-IC,,,True,,,,,,,,,,,,,,,,,,,,
1995,2340,Aib-NII-Aib-PLL-Aib-Aib-IC,,,True,,,,,,,,,,,,,,,,,,,,
2032,2748,CAAKA,,,True,,,1044.0,2748.0,Microscopic fluorescence intensity,10,,,1433.0,2748.0,24h,Fluorescent Microscopy,A375 cells,QDs,,37ºC,,,,
2044,584,CALVVGG,,,False,,,,,,,,,,,,,,,,,1.0,10.1093/database/bas015,,CPPsite: a curated database of cell penetrating peptides
2047,2251,CAYHRLRRC,-,modified_cpp,True,-,,,,,,,,,,,,,,,,,,,
2063,2938,CF-GIGKFLHSAKKFGKAFVGEIMNS,,,True,,,1652.0,2938.0,FITC Mean Intensity,10000,,,1623.0,2938.0,2h,Flow cytometry,MonoMac6 cells,FITC,,37ºC,,,,
2072,2934,CF-TKPKGTKPKGTKPKGTKPKG,,,True,,,1648.0,2934.0,FITC Mean Intensity,5000,,,1619.0,2934.0,2h,Flow cytometry,MonoMac6 cells,FITC,,37ºC,,,,
2077,2751,CGALFLGWLGAAGSTMGA,,,True,,,1065.0,2751.0,Microscopic fluorescence intensity,20,,,1436.0,2751.0,24h,Fluorescent Microscopy,A375 cells,QDs,,37ºC,,,,
2089,2587,CGNVVRQGC-G-YGRK-KRRQRRR-G-TALDWSWLQTE,,,True,,,637.0,2587.0,Mean Fluorescence intensity,2.25,,,991.0,2587.0,30 min,Fluorescent Microscopy,MCF7 cells,TMTP1,,37ºC,,,,
2093,1367,CGPGSDDEAAADAQHAAPPKKKRKVGY,,cpp,True,,,,,,,,,,,,,,,,,5.0,doi.org/10.1007/s10822-020-00307-z,,TargetCPP: accurate prediction of cell-penetrating peptides from optimized multi-scale features using gradient boost decision tree
2174,2560,CGRKKRRQRWWRRPPQ,,,True,,,566.0,2560.0,Cellular uptake,1.14,,,958.0,2560.0,30 min,Flow cytometry,CHO cells,Fluorescein,,37°C,,,,
2186,2561,CGRKKRWWRQRWWRWWRPPQ,,,True,,,569.0,2561.0,Cellular uptake,0.84,,,555.0,2561.0,30 min,Flow cytometry,CHO cells,Fluorescein,,37°C,,,,
2207,2885,CHHHHHRRWQWRHHHHHC,,,True,,,1514.0,2885.0,,0,,,1570.0,2885.0,1h,Fluorescent Microscopy,A549 cells,FITC,,37ºC,,,,
2211,1555,CIISRDLISH,,natural_cpp,True,,,,,,,,,,,,,,,,,1.0,10.1093/database/bas015,,CPPsite: a curated database of cell penetrating peptides
2212,2869,CKIKKVKKKGRKKIKKVKKKGRK,,,True,,,1913.0,2869.0,Mean Fluorescence intensity,2300,,,1554.0,2869.0,2h,Flow cytometry,HeLa cells,Doxorubicin,,37ºC,,,,
2256,1369,CNGRCG,,cpp,True,,,,,,,,,,,,,,,,,5.0,doi.org/10.1007/s10822-020-00307-z,,TargetCPP: accurate prediction of cell-penetrating peptides from optimized multi-scale features using gradient boost decision tree
2258,1371,CNGRCGGKLAKLAKLAKLAK,,cpp,True,,,,,,,,,,,,,,,,,5.0,doi.org/10.1007/s10822-020-00307-z,,TargetCPP: accurate prediction of cell-penetrating peptides from optimized multi-scale features using gradient boost decision tree
2283,1556,CRFRFKCCKK,,natural_cpp,True,,,122.0,1556.0,Mean Fluorescence intensity,2569,,,1083.0,1556.0,1080 min,Fluorescence spectroscopy,NIH-3T3 cells,FITC,,37ºC,1.0,10.1093/database/bas015,,CPPsite: a curated database of cell penetrating peptides
2468,1561,CRWRWKCG,,natural_cpp,True,,,133.0,1561.0,Mean Fluorescence intensity,1922,,,1086.0,1561.0,1080 min,Fluorescence spectroscopy,NIH-3T3 cells,FITC,,37ºC,1.0,10.1093/database/bas015,,CPPsite: a curated database of cell penetrating peptides
2485,586,CSSCFCLCCPRHRPVSRLAAVVGGAAAV,,,False,,,,,,,,,,,,,,,,,1.0,10.1093/database/bas015,,CPPsite: a curated database of cell penetrating peptides
2500,76,CWGGCRDWFCNT,,,False,,,,,,,,,,,,,,,,,,,,
2501,1568,CWKKK,,natural_cpp,True,,,,,,,,,,,,,,,,,1.0,10.1093/database/bas015,,CPPsite: a curated database of cell penetrating peptides
2502,1569,CWKKKKKKKK,,natural_cpp,True,,,,,,,,,,,,,,,,,1.0,10.1093/database/bas015,,CPPsite: a curated database of cell penetrating peptides
2504,1571,CWKKKKKKKKKKKKKKKKKK,,natural_cpp,True,,,,,,,,,,,,,,,,,1.0,10.1093/database/bas015,,CPPsite: a curated database of cell penetrating peptides
2505,2979,CWRWRWRWRC,,,True,,,1751.0,2979.0,Mean Fluorescence intensity,200,,,1664.0,2979.0,3h,Flow cytometry,CCRF-CEM cells,F'-GpYEEI,,37ºC,,,,
2513,2717,CWWRRRRRRRRCRRRRRRRRCRRRRRRRRC,,,True,,,927.0,2717.0,Fluorescence intensity,18 000,,,1402.0,2717.0,4h,Flow cytometry,Dendritic cells,peptide/OVA-Cy5.5,,,,,,
2593,249,DCSTFLRTSETGIVDQVMVTLNQEGYKFCKIRVR,,,False,,,,,,,,,,,,,,,,,1.0,10.1093/database/bas015,,CPPsite: a curated database of cell penetrating peptides
2598,286,DEEAMENMG,,,False,,,,,,,,,,,,,,,,,1.0,10.1093/database/bas015,,CPPsite: a curated database of cell penetrating peptides
2601,1045,DELNHASIIDGIRLTK,,,False,,,,,,,,,,,,,,,,,1.0,10.1093/database/bas015,,CPPsite: a curated database of cell penetrating peptides
2610,319,DFRAKAE,,,False,,,,,,,,,,,,,,,,,1.0,10.1093/database/bas015,,CPPsite: a curated database of cell penetrating peptides
2613,999,DGIFSFVLLDTRDNSFMV,,,False,,,,,,,,,,,,,,,,,1.0,10.1093/database/bas015,,CPPsite: a curated database of cell penetrating peptides
2625,221,DLDGTL,,,False,,,,,,,,,,,,,,,,,1.0,10.1093/database/bas015,,CPPsite: a curated database of cell penetrating peptides
2634,1577,DPVDTPNPTRRKPGK,,natural_cpp,True,,,,,,,,,,,,,,,,,1.0,10.1093/database/bas015,,CPPsite: a curated database of cell penetrating peptides
2636,50,DQEFRRENS,,,False,,,,,,,,,,,,,,,,,,,,
2641,1578,DRDDRDDRDDRDDRDDR,,natural_cpp,True,,,,,,,,,,,,,,,,,1.0,10.1093/database/bas015,,CPPsite: a curated database of cell penetrating peptides
2714,1215,DSRYTVQSFSTDGHPDFIPSDSLDILSY,,,False,,,,,,,,,,,,,,,,,2.0,10.1186/1479-5876-11-74,,In silico approaches for designing highly effective cell penetrating peptides
2723,1255,DWGSAEEEGKALSSPTSPEHDFLKAWVYRPGEDTE,,,False,,,,,,,,,,,,,,,,,2.0,10.1186/1479-5876-11-74,,In silico approaches for designing highly effective cell penetrating peptides
2724,1054,DWRLPTPRAA,,,False,,,,,,,,,,,,,,,,,1.0,10.1093/database/bas015,,CPPsite: a curated database of cell penetrating peptides
2741,1584,EEE,,natural_cpp,True,,,267.0,1584.0,Geo Mean Fluorescence intensity,140,,,1168.0,1584.0,240 min,Flow cytometry,DU-145,FITC,,37ºC,1.0,10.1093/database/bas015,,CPPsite: a curated database of cell penetrating peptides
2742,1083,EEEAA,,,False,,,268.0,1585.0,Geo Mean Fluorescence intensity,120,,,1169.0,1585.0,240 min,Flow cytometry,DU-145,FITC,,37ºC,1.0,10.1093/database/bas015,,CPPsite: a curated database of cell penetrating peptides
2750,1084,EEEAAKKK,,,False,,,269.0,1586.0,Geo Mean Fluorescence intensity,280,,,1170.0,1586.0,240 min,Flow cytometry,DU-145,FITC,,37ºC,1.0,10.1093/database/bas015,,CPPsite: a curated database of cell penetrating peptides
2754,1289,EEEEEEASFENESIEEPE,,,False,,,,,,,,,,,,,,,,,2.0,10.1186/1479-5876-11-74,,In silico approaches for designing highly effective cell penetrating peptides
2775,979,EEMKRVN,,,False,,,,,,,,,,,,,,,,,1.0,10.1093/database/bas015,,CPPsite: a curated database of cell penetrating peptides
2779,778,EFTHNHTVGDLTWD,,,False,,,,,,,,,,,,,,,,,1.0,10.1093/database/bas015,,CPPsite: a curated database of cell penetrating peptides
2782,382,EGGCLRC,,,False,,,,,,,,,,,,,,,,,1.0,10.1093/database/bas015,,CPPsite: a curated database of cell penetrating peptides
2797,955,EKANEKERTTTTS,,,False,,,,,,,,,,,,,,,,,1.0,10.1093/database/bas015,,CPPsite: a curated database of cell penetrating peptides
2799,978,EKEKEIYRTQLRNEGKPEHVIEKIIEGKLEKFY,,,False,,,,,,,,,,,,,,,,,1.0,10.1093/database/bas015,,CPPsite: a curated database of cell penetrating peptides
2806,2699,EKPYKCPECGKSFSASAALVAHQRTHTGEKPYKCPECGKSFSASAALVAHQRTHTGEKPYKCPECGKSFSASAALVAHQRTHTG,,,True,,,861.0,2699.0,Relative fluorescence (%),120.0,,,1385.0,2699.0,2h,Immunofluorescence analysis,N2a cells,BoNTA,,37ºC,,,,
2809,1588,EKRPRTAFSSEQLARLKREFNENRYLTTERRRQQLSSELGLNEAQIKIWFQNKRAKIKKST,,natural_cpp,True,,,,,,,,,,,,,,,,,1.0,10.1093/database/bas015,,CPPsite: a curated database of cell penetrating peptides
2817,882,ELARWFAPHIAQARTLYFCTGY,,,False,,,,,,,,,,,,,,,,,1.0,10.1093/database/bas015,,CPPsite: a curated database of cell penetrating peptides
2818,854,ELEDKKHKIGSIPPKRELEHWCTHGKY,,,False,,,,,,,,,,,,,,,,,1.0,10.1093/database/bas015,,CPPsite: a curated database of cell penetrating peptides
2820,764,ELKRLKIEAVKPDLILALEKKEEL,,,False,,,,,,,,,,,,,,,,,1.0,10.1093/database/bas015,,CPPsite: a curated database of cell penetrating peptides
2825,781,ELRKKTGVGIMDAKKALVASDGNVEEAIDALRE,,,False,,,,,,,,,,,,,,,,,1.0,10.1093/database/bas015,,CPPsite: a curated database of cell penetrating peptides
2831,115,EMMSRTKMWITQKYSTFF,,,False,,,,,,,,,,,,,,,,,,,,
2833,1591,EPDNWSLDFPRR,,natural_cpp,True,,,,,,,,,,,,,,,,,1.0,10.1093/database/bas015,,CPPsite: a curated database of cell penetrating peptides
2835,1065,EPVVARRSNSANVSSPESEKNKRQSKS,,,False,,,,,,,,,,,,,,,,,1.0,10.1093/database/bas015,,CPPsite: a curated database of cell penetrating peptides
2837,1592,ERERERERERERER,,natural_cpp,True,,,,,,,,,,,,,,,,,1.0,10.1093/database/bas015,,CPPsite: a curated database of cell penetrating peptides
2863,881,EYLRSQNLALGGSVENAIVVDENRVLN,,,False,,,,,,,,,,,,,,,,,1.0,10.1093/database/bas015,,CPPsite: a curated database of cell penetrating peptides
2864,1594,FAPWDTASFMLG,,natural_cpp,True,,,,,,,,,,,,,,,,,1.0,10.1093/database/bas015,,CPPsite: a curated database of cell penetrating peptides
2867,1595,FDPFFWKYSPRD,,natural_cpp,True,,,,,,,,,,,,,,,,,1.0,10.1093/database/bas015,,CPPsite: a curated database of cell penetrating peptides
2875,2959,FFFFFFGGGGGGrrrRR,,,True,,,1698.0,2959.0,Fluorescence intensity (%),59.7,,,1644.0,2959.0,5min,Flow cytometry,HeLa cells,4CzIPN,,37ºC,,,,
2881,2584,FFFFGRRRRRRRRGC,,,True,,,630.0,2584.0,Mean Fluorescence intensity,100,,,986.0,2584.0,15 min,Flow cytometry,HeLa cells,Alexa,,37ºC,,,,
2947,344,FIQSA,,,False,,,,,,,,,,,,,,,,,1.0,10.1093/database/bas015,,CPPsite: a curated database of cell penetrating peptides
2949,2814,FITC-GRKKRRQRRR-NH2,,,True,,,1296.0,2814.0,Relative fluorescence,0,,,1499.0,2814.0,24h,Fluorescent Microscopy,HepG2 cells,Rho,,37ºC,,,,
2960,2711,FKFEFKFESGSGSG-RKKRRQRRRPQ,,,True,,,915.0,2711.0,% Positive cells,35,,,1396.0,2711.0,4h,Flow cytometry,BMDC,FITC,,37ºC,,,,
2964,1090,FKKFRKF,,,False,,,284.0,1601.0,Mnlog FITC,2.8,,,1179.0,1601.0,240 min,Flow cytometry,MCF7 cells,Fluorescein,,,1.0,10.1093/database/bas015,,CPPsite: a curated database of cell penetrating peptides
2968,3071,FKKLKKLFSKLWNWK,,,True,,,1907.0,3071.0,Fluorescence intensity,25,,,1756.0,3071.0,100s,Flow cytometry,A549 cells,FITC,,37ºC,,,,
2974,1506,FLGKKFKKYFLQLLK,M511,cpp,True,A,,,,,,,,,,,,,,,,6.0,10.1021/acsomega.8b02348,,Screening of a Cell-Penetrating Peptide Library in Escherichia coli: Relationship between Cell Penetration Efficiency and Cytotoxicity
2978,1507,FLIFIRVICIVIAKLKANLMCKT,G53-4,cpp,True,H,,,,,,,,,,,,,,,,6.0,10.1021/acsomega.8b02348,,Screening of a Cell-Penetrating Peptide Library in Escherichia coli: Relationship between Cell Penetration Efficiency and Cytotoxicity
2997,805,FSKEQVEDFVQRYQDIEKE,,,False,,,,,,,,,,,,,,,,,1.0,10.1093/database/bas015,,CPPsite: a curated database of cell penetrating peptides
3003,1606,FTYKNFFWLPEL,,natural_cpp,True,,,,,,,,,,,,,,,,,1.0,10.1093/database/bas015,,CPPsite: a curated database of cell penetrating peptides
3009,1607,FVTRGCPRRLVARLIRVMVPRR,,natural_cpp,True,,,243.0,1607.0,pmol/mg protein Cellular uptake,1000,,,444.0,1607.0,60 min,Fluorescence spectroscopy,MCF7 cells,Fluorescein,,,1.0,10.1093/database/bas015,,CPPsite: a curated database of cell penetrating peptides
3014,748,FYNRNPPARKEAYGDISERKLLRERLRCKSFDW,,,False,,,,,,,,,,,,,,,,,1.0,10.1093/database/bas015,,CPPsite: a curated database of cell penetrating peptides
3015,2414,FrFKFrFK,,,True,,,,,,,,,,,,,,,,,,,,
3025,505,GAGID,,,False,,,,,,,,,,,,,,,,,1.0,10.1093/database/bas015,,CPPsite: a curated database of cell penetrating peptides
3030,1515,GALFLGFLGAAGSRMGAWSQPKSKRKV,,natural_cpp,True,,,,,,,,,,,,,,,,,3.0,10.2174/157340910791202478,,Prediction of Cell-Penetrating Peptides Using Artificial Neural Networks
3099,521,GDFAGPNGCPRRRGRQTYT,,,False,,,,,,,,,,,,,,,,,1.0,10.1093/database/bas015,,CPPsite: a curated database of cell penetrating peptides
3103,915,GDTRTDITRMDDKELHDYLHSMSKKERR,,,False,,,,,,,,,,,,,,,,,1.0,10.1093/database/bas015,,CPPsite: a curated database of cell penetrating peptides
3118,2930,GGEEEEEEEEPLGLAGRRRRRRRRGG,,,True,,,1631.0,2930.0,,0,,,1615.0,2930.0,48h,Fluorescent Microscopy,A375 cells,FITC,,37ºC,,,,
3120,2779,GGGGGGRQIKIWFQNRRMKWKKK-biotinyl-NH2,,,True,,,1182.0,2779.0,,0,,,1464.0,2779.0,10min,BCARS Imaging,C2C12 cells,Streptavidin-Alexa555,,,,,,
3129,2638,GGGGRRWWRRFRR,,,True,,,728.0,2638.0,pmol/uM Internalized peptide,0.625,,,1325.0,2638.0,1h,MALDI-TOF,CHO-K1 cells,,,37ºC,,,,
3172,695,GHSADSSRQSGTRHTESSSRGQAASSHEQARSSA,,,False,,,,,,,,,,,,,,,,,1.0,10.1093/database/bas015,,CPPsite: a curated database of cell penetrating peptides
3173,1290,GHTINVVHSRGKSM,,,False,,,,,,,,,,,,,,,,,2.0,10.1186/1479-5876-11-74,,In silico approaches for designing highly effective cell penetrating peptides
3194,178,GIWFAYSRGHFRTKKGT,,,False,,,,,,,,,,,,,,,,,3.0,10.2174/157340910791202478,,Prediction of Cell-Penetrating Peptides Using Artificial Neural Networks
3195,1619,GKHRHERGHHRDRRER,,natural_cpp,True,,,,,,,,,,,,,,,,,1.0,10.1093/database/bas015,,CPPsite: a curated database of cell penetrating peptides
3207,268,GKPRFVHTLNGSGT,,,False,,,,,,,,,,,,,,,,,1.0,10.1093/database/bas015,,CPPsite: a curated database of cell penetrating peptides
3225,1631,GLFEALLELLESLWELLLEA,,natural_cpp,True,,,1955.0,1631.0,,0,,,668.0,1631.0,60 min,CLSM,TF cells,FITC,,,1.0,10.1093/database/bas015,,CPPsite: a curated database of cell penetrating peptides
3231,2139,GLFNWLQLRPPSW,,natural_cpp,True,,,,,,,,,,,,,,,,,2.0,10.1186/1479-5876-11-74,,In silico approaches for designing highly effective cell penetrating peptides
3237,1635,GLGSLLKKAGKKLKQPKSKRKV,,natural_cpp,True,,,,,,,,,,,,,,,,,1.0,10.1093/database/bas015,,CPPsite: a curated database of cell penetrating peptides
3241,1637,GLPVCGETCVGGTCNTPGCKCSWPVCTRN,,natural_cpp,True,,,,,,,,,,,,,,,,,1.0,10.1093/database/bas015,,CPPsite: a curated database of cell penetrating peptides
3495,1643,GLWRALWRALWRSLWKLKWKV,,natural_cpp,True,,,,,,,,,,,,,,,,,1.0,10.1093/database/bas015,,CPPsite: a curated database of cell penetrating peptides
3501,1649,GLWRALWRLLRSLWRLLWSQPKKKRKV,,natural_cpp,True,,,,,,,,,,,,,,,,,1.0,10.1093/database/bas015,,CPPsite: a curated database of cell penetrating peptides
3502,2590,GLWWKAWWKAWWKSLWWRKRKRKA,,,True,,,640.0,2590.0,% Positive cells,63,,,1277.0,2590.0,1h,HPCL-analysis,HeLa cells,Doxorubicin,,,,,,
3505,700,GMDIRFHTL,,,False,,,,,,,,,,,,,,,,,1.0,10.1093/database/bas015,,CPPsite: a curated database of cell penetrating peptides
3549,2495,GRGDSPRRSPRR,,,True,,,396.0,2495.0,Mean Fluorescence intensity/cell,30,,,512.0,2495.0,,Flow cytometry,HeLa cells,Plasmid DNA,,,,,,
3568,1098,GRKKRRQRPPQC,,,False,,,,,,,,,,,,,,,,,1.0,10.1093/database/bas015,,CPPsite: a curated database of cell penetrating peptides
4435,1099,GRKRKKRT,,,False,,,809.0,1476.0,Mean Fluorescence intensity,5000,,,1173.0,1476.0,960 min,Flow cytometry,HEK293 cells,TAMRA,,,1.0,10.1093/database/bas015,,CPPsite: a curated database of cell penetrating peptides
4543,2709,GRRLRRLRRL,,,True,,,891.0,2709.0,Mean Fluorescence intensity,30,,,1394.0,2709.0,2h,Flow cytometry,HeLa cells,Carboxyfluorescein,,,,,,
4548,503,GRRRARRRL,,,False,,,,,,,,,,,,,,,,,1.0,10.1093/database/bas015,,CPPsite: a curated database of cell penetrating peptides
4613,1292,GSCKYTANGGV,,,False,,,,,,,,,,,,,,,,,2.0,10.1186/1479-5876-11-74,,In silico approaches for designing highly effective cell penetrating peptides
4623,2141,GSNFFYQHRLPFS,,natural_cpp,True,,,,,,,,,,,,,,,,,2.0,10.1186/1479-5876-11-74,,In silico approaches for designing highly effective cell penetrating peptides
4625,1293,GSRGGEGGRAPREGPAGNGRDRGRSHAAEAPGDPQAAASLLAPMD,,,False,,,,,,,,,,,,,,,,,2.0,10.1186/1479-5876-11-74,,In silico approaches for designing highly effective cell penetrating peptides
4648,1384,GWTLNPAGYLLGKINLKALAALAKKIL,,cpp,True,,,,,,,,,,,,,,,,,5.0,doi.org/10.1007/s10822-020-00307-z,,TargetCPP: accurate prediction of cell-penetrating peptides from optimized multi-scale features using gradient boost decision tree
4651,1385,GWTLNPPGYLLGKINLKALAALAKKIL,,cpp,True,,,,,,,,,,,,,,,,,5.0,doi.org/10.1007/s10822-020-00307-z,,TargetCPP: accurate prediction of cell-penetrating peptides from optimized multi-scale features using gradient boost decision tree
6757,12,GWTNLSAGYLLGPPPGFSPFR,,,False,,,,,,,,,,,,,,,,,4.0,10.1371/journal.pcbi.1002101,,Prediction of Cell Penetrating Peptides by Support Vector Machines
6766,722,GYHTEPDIYTK,,,False,,,,,,,,,,,,,,,,,1.0,10.1093/database/bas015,,CPPsite: a curated database of cell penetrating peptides
6774,2886,H-LAKLAKA(R8)AKLLKA(S5)AKAL-NH2,,,True,,,1523.0,2886.0,Relative fluorescence,5500,,,1571.0,2886.0,4h,Fluorescence spectroscopy,HeLa cells,AF568-SSO,,,,,,
6781,2906,H-RRRRRRK-Rho-NH2,,,True,,,1574.0,2906.0,Fluorescence intensity,5000,,,1591.0,2906.0,30min,Flow cytometry,HeLa cells,Carboxyfluorescein,,37ºC,,,,
6789,2688,HDLPKGG,,,True,,,844.0,2688.0,Mean Fluorescence intensity,5000,,,1374.0,2688.0,22h,Flow cytometry,eGFP HeLa 654,PMO,,37ºC,,,,
6790,2521,HEHEHEHEHEHEHEHEEFGGGGGYGRGRGRGRGRGRG,,,True,,,458.0,2521.0,ng molecule / mg cell protein,240,,,886.0,2521.0,60 min,Gamma-well counter,HeLa cells,GST,,37ºC,,,,
6798,2579,HEHEHEHEHEHEHEHEHEHEGGGGGKLALKLALKALKAALKLA,,,True,,,625.0,2579.0,ng/ Cell monolayer,32,,,566.0,2579.0,60 min,Gamma-well counter,HeLa cells,GST,,37ºC,,,,
6810,1272,HFYGMQKYHHEKLVQMLKDIYGNKMCPAIFAQEVSLKYLWEKDY,,,False,,,,,,,,,,,,,,,,,2.0,10.1186/1479-5876-11-74,,In silico approaches for designing highly effective cell penetrating peptides
6812,95,HGLNIHYVFLWHI,,,False,,,,,,,,,,,,,,,,,,,,
6814,2760,HHHHHH,,,True,,,1107.0,2760.0,Fluorescence intensity,180,,,1445.0,2760.0,6h,CLSM,N. tabacum cells,MBP-RFP-CyaA,,27ºC,,,,
6817,3010,HHHHHH-NH2,,,True,,,1790.0,3010.0,Cellular uptake,9000,,,1695.0,3010.0,12h,CLSM,BY-2 plant cells,TAMRA,,27ºC,,,,
6818,3025,HHHHHH-RRRRRRRRRRR,,,True,,,1808.0,3025.0,Mean Fluorescence intensity,1050,,,1710.0,3025.0,1h,Flow cytometry,HaCaT cells,RhB,,37ºC,,,,
6829,3013,HHHHHHHHHHHH-NH2,,,True,,,1793.0,3013.0,Cellular uptake,5000,,,1698.0,3013.0,12h,CLSM,BY-2 plant cells,TAMRA,,27ºC,,,,
6836,2759,HHHHHHHHHHHHHHHHHHHH,,,True,,,1098.0,2759.0,Fluorescence intensity,2800,,,1444.0,2759.0,24h,CLSM,N. tabacum cells,MBP-RFP,,27ºC,,,,
6843,3018,HHHHHHHHHHHHHHHHHHHHHH-NH2,,,True,,,1798.0,3018.0,Cellular uptake,1000,,,1703.0,3018.0,12h,CLSM,BY-2 plant cells,TAMRA,,27ºC,,,,
6847,2490,HHHHHHHHHHHHHHHHRRRRRRRRRRRRRRR,,,True,,,361.0,2490.0,Mean Fluorescence intensity,220,,,1210.0,2490.0,3h,Flow cytometry,CHO-K1 cells,GAPDH siRNA,,,,,,
6855,1501,HHHHHHTKRRITPKDVIDVRSVTTEINT,Inv3.10,cpp,True,H,,186.0,1501.0,Fluorescence intensity,1925,,,637.0,1501.0,,Flow cytometry,HeLa cells,(FITC)-labeled latex microspheres,,37ºC,6.0,10.1021/acsomega.8b02348,,Screening of a Cell-Penetrating Peptide Library in Escherichia coli: Relationship between Cell Penetration Efficiency and Cytotoxicity
6865,1218,HNACPDAYSYAYDDKRGTFTCNGGPNYAITFCPMRLVQLSR,,,False,,,,,,,,,,,,,,,,,2.0,10.1186/1479-5876-11-74,,In silico approaches for designing highly effective cell penetrating peptides
6871,3098,HRHRHRHR,,,True,,,1960.0,3098.0,Mean Fluorescence intensity,10,,,1783.0,3098.0,24h,Flow cytometry,MDA-MB-231 cells,siRNA-A488,,37ºC,,,,
6877,1049,HTFISSLE,,,False,,,,,,,,,,,,,,,,,1.0,10.1093/database/bas015,,CPPsite: a curated database of cell penetrating peptides
6878,1072,HTSYMSCCTFLRSD,,,False,,,,,,,,,,,,,,,,,1.0,10.1093/database/bas015,,CPPsite: a curated database of cell penetrating peptides
6880,446,HVRGVAMNPVDHPHGGGEGRT,,,False,,,,,,,,,,,,,,,,,1.0,10.1093/database/bas015,,CPPsite: a curated database of cell penetrating peptides
6885,2816,His6-GRKKRRQRRR-NH2,,,True,,,1298.0,2816.0,Relative fluorescence,175,,,1501.0,2816.0,24h,Fluorescent Microscopy,HepG2 cells,Rho,,37ºC,,,,
6906,527,IDQVFSHIKWIEWI,,,False,,,,,,,,,,,,,,,,,1.0,10.1093/database/bas015,,CPPsite: a curated database of cell penetrating peptides
6920,38,IHSHWFVMVLKGKAARQRDDLWTHPCFPS,,,False,,,,,,,,,,,,,,,,,,,,
6928,696,IKNLYLNHNRIESILPQQKSQ,,,False,,,,,,,,,,,,,,,,,1.0,10.1093/database/bas015,,CPPsite: a curated database of cell penetrating peptides
6934,1283,ILDPALLRSGRLDRKIEFPMPNEEARARIMQIHSRKMNVSP,,,False,,,,,,,,,,,,,,,,,2.0,10.1186/1479-5876-11-74,,In silico approaches for designing highly effective cell penetrating peptides
6938,313,ILPEGFELAPP,,,False,,,,,,,,,,,,,,,,,1.0,10.1093/database/bas015,,CPPsite: a curated database of cell penetrating peptides
6948,379,ILWILVLNAIVGVWQESNAEKALEALK,,,False,,,,,,,,,,,,,,,,,1.0,10.1093/database/bas015,,CPPsite: a curated database of cell penetrating peptides
6962,1007,IPIGTWETLKEGTQAAILTFGTTIPMA,,,False,,,,,,,,,,,,,,,,,1.0,10.1093/database/bas015,,CPPsite: a curated database of cell penetrating peptides
7013,667,IRIGLALNCSITPWGRFA,,,False,,,,,,,,,,,,,,,,,1.0,10.1093/database/bas015,,CPPsite: a curated database of cell penetrating peptides
7016,1264,IRSWRDLPQLLN,,,False,,,,,,,,,,,,,,,,,2.0,10.1186/1479-5876-11-74,,In silico approaches for designing highly effective cell penetrating peptides
7026,483,IVFYLLGSWFLS,,,False,,,,,,,,,,,,,,,,,1.0,10.1093/database/bas015,,CPPsite: a curated database of cell penetrating peptides
7032,3089,IWLTALKFLGKHAAKHEAKQQLSKL-GK(FITC)-NH2,,,True,,,1950.0,3089.0,Relative Cellular uptake,100,,,1774.0,3089.0,1h,Flow cytometry,HeLa cells,FITC,,37ºC,,,,
7065,1480,KALKLLAKWLAKALL,KLA10,cpp,True,A,,,,,,,,,,,,,,,,6.0,10.1021/acsomega.8b02348,,Screening of a Cell-Penetrating Peptide Library in Escherichia coli: Relationship between Cell Penetration Efficiency and Cytotoxicity
7083,1710,KCFQWQRNMRKVRGPPVSC,,natural_cpp,True,,,255.0,1710.0,Fluorescence intensity,33.75,,,450.0,1710.0,30 min,Flow cytometry,HeLa cells,Fluorescein,,,1.0,10.1093/database/bas015,,CPPsite: a curated database of cell penetrating peptides
7402,2693,KCRRWQWRMKK,,,True,,,852.0,2693.0,% Positive cells,93.0,,,1379.0,2693.0,1h,Flow cytometry,A549 cells,FITC,,37ºC,,,,
7405,1252,KCVHGRCIAPNTC,,,False,,,,,,,,,,,,,,,,,2.0,10.1186/1479-5876-11-74,,In silico approaches for designing highly effective cell penetrating peptides
7413,276,KEECECTARRPRIPREL,,,False,,,,,,,,,,,,,,,,,1.0,10.1093/database/bas015,,CPPsite: a curated database of cell penetrating peptides
7414,517,KEISEI,,,False,,,,,,,,,,,,,,,,,1.0,10.1093/database/bas015,,CPPsite: a curated database of cell penetrating peptides
7421,2730,KETWWETWWTEWSQPKKKRKV-C,,,True,,,979.0,2730.0,Cellular uptake,0.6,,,1415.0,2730.0,2h,Fluorescent Microscopy,CHO cells,icg-labeled lactosomes,,37ºC,,,,
7443,2145,KGSWYSMRKMSMIRPFFPQQ,,natural_cpp,True,,,,,,,,,,,,,,,,,2.0,10.1186/1479-5876-11-74,,In silico approaches for designing highly effective cell penetrating peptides
7453,2921,KIILIIDGSTSRDHVLHEYVNAAGIT,,,True,,,1610.0,2921.0,Median Fluorescence intensity,4,,,1606.0,2921.0,2h,Flow cytometry,HeLa cells,Carboxyfluorescein,,,,,,
7466,2995,KIWFQNR,,,True,,,1773.0,2995.0,,0,,,1680.0,2995.0,,CLSM,HeLa cells,pDNA,,,,,,
7484,1489,KKALLALALHLLALHLALHLALALKKA,LAH4,cpp,True,A,,,,,,,,,,,,,,,,6.0,10.1021/acsomega.8b02348,,Screening of a Cell-Penetrating Peptide Library in Escherichia coli: Relationship between Cell Penetration Efficiency and Cytotoxicity
7545,1725,KKKKKKKKKKKKKKKKKKK,,natural_cpp,True,,,,,,,,,,,,,,,,,1.0,10.1093/database/bas015,,CPPsite: a curated database of cell penetrating peptides
7546,2609,KKKKKKNKKLQQRGD,,,True,,,688.0,2609.0,Mean Fluorescence (% of positive control TAT as 100 %),112.5,,,1296.0,2609.0,1h,Flow cytometry,HeLa cells,FITC,,37ºC,,,,
7554,2826,KKKWWWWKKK,,,True,,,1321.0,2826.0,Cell fluorescence (%),80,,,1511.0,2826.0,2h,Flow cytometry,MCF7 cells,FITC,,37ºC,,,,
7568,1728,KKPTIKTTKK,,natural_cpp,True,,,,,,,,,,,,,,,,,1.0,10.1093/database/bas015,,CPPsite: a curated database of cell penetrating peptides
7588,1112,KLALKAAAKAWKAAAKAA,,,False,,,31.0,1732.0,pmol internalized peptide / mg protein,<10,,,611.0,1732.0,30 min,HPCL-analysis,Aortic endothelial cells,,,37ºC,1.0,10.1093/database/bas015,,CPPsite: a curated database of cell penetrating peptides
7596,19,KLALKALKAALKLA,,,False,,,43.0,1340.0,pmol internalized peptide / mg protein,<30,,,9.0,1340.0,30 min,HPCL-analysis,Aortic endothelial cells,Fluorescein,Internalization,,4.0,10.1371/journal.pcbi.1002101,,Prediction of Cell Penetrating Peptides by Support Vector Machines
7608,159,KLALKALKAALKLA–NH2,MAP3,,False,,,,,,,,,,,,,,,,,,,,
7689,1738,KLGVM,,natural_cpp,True,,,,,,,,,,,,,,,,,1.0,10.1093/database/bas015,,CPPsite: a curated database of cell penetrating peptides
7690,1739,KLIKGRTPIKFGK,,natural_cpp,True,,,,,,,,,,,,,,,,,1.0,10.1093/database/bas015,,CPPsite: a curated database of cell penetrating peptides
7705,1118,KLLAKAALKWLLKALKAA,,,False,,,37.0,1746.0,pmol internalized peptide / mg protein,44 ± 10,,,1034.0,1746.0,30 min,HPCL-analysis,Aortic endothelial cells,,,37ºC,1.0,10.1093/database/bas015,,CPPsite: a curated database of cell penetrating peptides
7726,893,KLSQRNINYQGKSV,,,False,,,,,,,,,,,,,,,,,1.0,10.1093/database/bas015,,CPPsite: a curated database of cell penetrating peptides
7738,1751,KLWMRWYSPTTRRYG,,natural_cpp,True,,,187.0,1751.0,Fluorescence intensity,790,,,1111.0,1751.0,60 min,Flow cytometry,CHO cells,Fluorescein,,37ºC,1.0,10.1093/database/bas015,,CPPsite: a curated database of cell penetrating peptides
7742,1753,KLWSAWPSLWSSLWKP,,natural_cpp,True,,,,,,,,,,,,,,,,,1.0,10.1093/database/bas015,,CPPsite: a curated database of cell penetrating peptides
7754,1755,KMDCRWRPKCCKK,,natural_cpp,True,,,146.0,1755.0,Mean Fluorescence intensity,1272,,,1093.0,1755.0,1080 min,Fluorescence spectroscopy,NIH-3T3 cells,FITC,,37ºC,1.0,10.1093/database/bas015,,CPPsite: a curated database of cell penetrating peptides
7770,1494,KMDCWRWKCWKCW,Crot(27-39),cpp,True,A,,,,,,,,,,,,,,,,6.0,10.1021/acsomega.8b02348,,Screening of a Cell-Penetrating Peptide Library in Escherichia coli: Relationship between Cell Penetration Efficiency and Cytotoxicity
7785,1124,KMDSRWRWKSSKK,,,False,,,143.0,1766.0,Mean Fluorescence intensity,496,,,626.0,1766.0,1080 min,Fluorescence spectroscopy,NIH-3T3 cells,FITC,,37ºC,1.0,10.1093/database/bas015,,CPPsite: a curated database of cell penetrating peptides
7805,1127,KMTRAQRRAAARRNRWTARGC,,,False,,,335.0,1769.0,Relative Cellular uptake,1.2,,,649.0,1769.0,30 min,Flow cytometry,CHO-K1 cells,Alexa488,,37ºC,1.0,10.1093/database/bas015,,CPPsite: a curated database of cell penetrating peptides
7863,1034,KPRQLKD,,,False,,,,,,,,,,,,,,,,,1.0,10.1093/database/bas015,,CPPsite: a curated database of cell penetrating peptides
7873,2857,KQRFIR,,,True,,,1401.0,2857.0,Internalization,0,,,1542.0,2857.0,30min,Flow cytometry,HeLa cells,TAM,,37ºC,,,,
7892,653,KRDYNADIVADIRKVKRGDTCPRCKK,,,False,,,,,,,,,,,,,,,,,1.0,10.1093/database/bas015,,CPPsite: a curated database of cell penetrating peptides
7976,1130,KRRIRRERNKMAAAKSRNRRRELTDTGC,,,False,,,346.0,1784.0,Relative Cellular uptake,1.0,,,653.0,1784.0,30 min,Flow cytometry,HeLa cells,Alexa488,,37ºC,1.0,10.1093/database/bas015,,CPPsite: a curated database of cell penetrating peptides
8027,2931,KSKTEYYNAWAVWERNAP,,,True,,,1633.0,2931.0,Fluorescence intensity,19,,,1616.0,2931.0,2h,Flow cytometry,HeLa cells,FITC,,37ºC,,,,
8033,1222,KSPCKRCTMDSSDPASPAYIIPRPGGEVICGGTYGVGDWDLSVNPET,,,False,,,,,,,,,,,,,,,,,2.0,10.1186/1479-5876-11-74,,In silico approaches for designing highly effective cell penetrating peptides
8040,312,KTKRLRYKEGKTSS,,,False,,,,,,,,,,,,,,,,,1.0,10.1093/database/bas015,,CPPsite: a curated database of cell penetrating peptides
8041,1133,KTLKVAKWLKKAKPLRKLVKC,,,False,,,,,,,,,,,,,,,,,1.0,10.1093/database/bas015,,CPPsite: a curated database of cell penetrating peptides
8050,3052,KVVVVKVVVVKVVVVKVVVVK,,,True,,,1867.0,3052.0,Cellular uptake (%),90,,,1737.0,3052.0,4h,Flow cytometry,A549 cells,siRNA,,37ºC,,,,
8054,2861,KWCFRVCYRGICYRRCR,,,True,,,1428.0,2861.0,Fluorescence intensity,6000,,,1546.0,2861.0,1h,Flow cytometry,MDA-MB-435S cells,Alexa488,,37ºC,,,,
8070,1792,KWFETWFTEWPKKRK,,natural_cpp,True,,,,,,,,,,,,,,,,,1.0,10.1093/database/bas015,,CPPsite: a curated database of cell penetrating peptides
8075,2824,KWKWKWKWKW,,,True,,,1316.0,2824.0,Cell fluorescence (%),90,,,1509.0,2824.0,2h,Flow cytometry,MCF7 cells,FITC,,37ºC,,,,
8081,2669,KYKGAIIGNIK,,,True,,,821.0,2669.0,RFU/mg,102500,,,1355.0,2669.0,4h,Fluorescent Microscopy,HEK293T cells,pGL3-SV40,,37ºC,,,,
8102,509,LAAAAAAKAARLAEKAMQASIESTGNL,,,False,,,,,,,,,,,,,,,,,1.0,10.1093/database/bas015,,CPPsite: a curated database of cell penetrating peptides
8105,2356,LAELLAELLAELGGGGrrrrrrrrr,,,True,,,,,,,,,,,,,,,,,,,,
8114,81,LASTFWLIMNLVGSWISL,,,False,,,,,,,,,,,,,,,,,,,,
8126,724,LEEAGILRAGPGGPDQQWPTVSSAT,,,False,,,,,,,,,,,,,,,,,1.0,10.1093/database/bas015,,CPPsite: a curated database of cell penetrating peptides
8130,948,LFAIGSVLGGFDP,,,False,,,,,,,,,,,,,,,,,1.0,10.1093/database/bas015,,CPPsite: a curated database of cell penetrating peptides
8132,228,LFIGWGSQSSKVQIHHNTWLHFPGHNLRWIL,,,False,,,,,,,,,,,,,,,,,1.0,10.1093/database/bas015,,CPPsite: a curated database of cell penetrating peptides
8142,246,LGVILA,,,False,,,,,,,,,,,,,,,,,1.0,10.1093/database/bas015,,CPPsite: a curated database of cell penetrating peptides
8156,1804,LIIFRILISHKK,,natural_cpp,True,,,,,,,,,,,,,,,,,1.0,10.1093/database/bas015,,CPPsite: a curated database of cell penetrating peptides
8171,2576,LIRLWSHLIHIWFQNRRLKWKKKC,,,True,,,619.0,2576.0,Cellular uptake (%),49.0,,,1272.0,2576.0,2h,Flow cytometry,HEK293T cells,Plasmid DNA,,,,,,
8173,2158,LITKQYRYPSRRRFN,,natural_cpp,True,,,,,,,,,,,,,,,,,2.0,10.1186/1479-5876-11-74,,In silico approaches for designing highly effective cell penetrating peptides
8174,588,LKHKTIT,,,False,,,,,,,,,,,,,,,,,1.0,10.1093/database/bas015,,CPPsite: a curated database of cell penetrating peptides
8191,1482,LKTALATLKTLTLTTL,XI,cpp,True,H,,,,,,,,,,,,,,,,6.0,10.1021/acsomega.8b02348,,Screening of a Cell-Penetrating Peptide Library in Escherichia coli: Relationship between Cell Penetration Efficiency and Cytotoxicity
8192,1412,LKTLATALTKLAKTLTTL,,cpp,True,,,50.0,1412.0,pmol internalized peptide / mg protein,539 ± 80,,,346.0,1412.0,30 min,HPCL-analysis,Aortic endothelial cells,Fluorescein,,37.0 °C,5.0,doi.org/10.1007/s10822-020-00307-z,,TargetCPP: accurate prediction of cell-penetrating peptides from optimized multi-scale features using gradient boost decision tree
8207,2472,LKlLKkLlkKLLkLL,,,True,,,,,,,,,,,,,,,,,,,,
8259,1141,LLIILRRRIRKQAAAHSK,,,False,,,226.0,1818.0,pmol/mg protein Cellular uptake,550,,,1145.0,1818.0,60 min,Fluorescence spectroscopy,Human bowes melanoma cells,Fluorescein,,37ºC,1.0,10.1093/database/bas015,,CPPsite: a curated database of cell penetrating peptides
8265,1820,LLIILRRRIRKQAHAHAK,,natural_cpp,True,,,229.0,1820.0,pmol/mg protein Cellular uptake,2150,,,1147.0,1820.0,60 min,Fluorescence spectroscopy,Human bowes melanoma cells,Fluorescein,,37ºC,1.0,10.1093/database/bas015,,CPPsite: a curated database of cell penetrating peptides
8293,22,LLKTTALLKTTALLKTTA,,,False,,,,,,,,,,,,,,,,,4.0,10.1371/journal.pcbi.1002101,,Prediction of Cell Penetrating Peptides by Support Vector Machines
8303,1485,LLLFLKKRKKRKY,dhvar5,cpp,True,A,,,,,,,,,,,,,,,,6.0,10.1021/acsomega.8b02348,,Screening of a Cell-Penetrating Peptide Library in Escherichia coli: Relationship between Cell Penetration Efficiency and Cytotoxicity
8313,2764,LLRLLRWWWRLLRLL,,,True,,,1116.0,2764.0,,0,,,1449.0,2764.0,24h,CLSM,U87 cells,siRNA,,,,,,
8319,314,LLWSDP,,,False,,,,,,,,,,,,,,,,,1.0,10.1093/database/bas015,,CPPsite: a curated database of cell penetrating peptides
8320,954,LLYEEA,,,False,,,,,,,,,,,,,,,,,1.0,10.1093/database/bas015,,CPPsite: a curated database of cell penetrating peptides
8321,750,LLYGVFRFIVEFVRV,,,False,,,,,,,,,,,,,,,,,1.0,10.1093/database/bas015,,CPPsite: a curated database of cell penetrating peptides
8326,664,LNGQRKNSRDRNSKRQTELEQPKPRTDSKNENH,,,False,,,,,,,,,,,,,,,,,1.0,10.1093/database/bas015,,CPPsite: a curated database of cell penetrating peptides
8327,1020,LNGRVPLIGFSGSP,,,False,,,,,,,,,,,,,,,,,1.0,10.1093/database/bas015,,CPPsite: a curated database of cell penetrating peptides
8328,1308,LNMLNRRDSSASTISSAYLSSRRSSGISPCFS,,,False,,,,,,,,,,,,,,,,,2.0,10.1186/1479-5876-11-74,,In silico approaches for designing highly effective cell penetrating peptides
8329,1320,LNSAGYLLGK LALAALAK,,,False,,,,,,,,,,,,,,,,,4.0,10.1371/journal.pcbi.1002101,,Prediction of Cell Penetrating Peptides by Support Vector Machines
8333,24,LNSAGYLLGKALAALAKKIL,,,False,,,,,,,,,,,,,,,,,4.0,10.1371/journal.pcbi.1002101,,Prediction of Cell Penetrating Peptides by Support Vector Machines
8351,937,LPQLVRRMRQQRKHMLQEKLHLRFC,,,False,,,,,,,,,,,,,,,,,1.0,10.1093/database/bas015,,CPPsite: a curated database of cell penetrating peptides
8361,1321,LRKKKKH,,,False,,,,,,,,,,,,,,,,,4.0,10.1371/journal.pcbi.1002101,,Prediction of Cell Penetrating Peptides by Support Vector Machines
8368,1824,LRRERQSRLRRERQSR,,natural_cpp,True,,,,,,,,,,,,,,,,,1.0,10.1093/database/bas015,,CPPsite: a curated database of cell penetrating peptides
8381,720,LSELEQMWLTELPAVTSREM,,,False,,,,,,,,,,,,,,,,,1.0,10.1093/database/bas015,,CPPsite: a curated database of cell penetrating peptides
8384,486,LSITEWRPVTGAVPPMSEAEWQ,,,False,,,,,,,,,,,,,,,,,1.0,10.1093/database/bas015,,CPPsite: a curated database of cell penetrating peptides
8399,2870,LTFKEYWDQLTSAA,,,True,,,1470.0,2870.0,Relative Cellular uptake,0,,,1555.0,2870.0,1h,Flow cytometry,MCF7 cells,Alexa488,,37ºC,,,,
8404,1825,LTMPSDLQPVLW,,natural_cpp,True,,,,,,,,,,,,,,,,,1.0,10.1093/database/bas015,,CPPsite: a curated database of cell penetrating peptides
8409,1301,LVYLFPLILAMALILLLTAFITKVNLHNK,,,False,,,,,,,,,,,,,,,,,2.0,10.1186/1479-5876-11-74,,In silico approaches for designing highly effective cell penetrating peptides
8410,966,LWGRTLLAIETDDLELVAREIDWVTKYVLIERFR,,,False,,,,,,,,,,,,,,,,,1.0,10.1093/database/bas015,,CPPsite: a curated database of cell penetrating peptides
8420,2815,M-Rho-GRKKRRQRRR-NH2,,,True,,,1297.0,2815.0,Relative fluorescence,115,,,1500.0,2815.0,24h,Fluorescent Microscopy,HepG2 cells,Rho,,37ºC,,,,
8422,3063,MAGCGCPCGCGA,,,True,,,1890.0,3063.0,Mean Fluorescence intensity,20000,,,1748.0,3063.0,16h,Flow cytometry,RAW264.7 cells,FITC,,37ºC,,,,
8445,2976,MCMPCFTTDHQMARRCDDCCGGRGRGKCWGPQCLCR,,,True,,,1744.0,2976.0,Relative fluorescence (%),38,,,1661.0,2976.0,1h,Flow cytometry,HeLa cells,Alexa488,,37ºC,,,,
8470,2676,MGPSQPTYPGDDAPVRDLIRFYRDLRRYLNVVTRHRY,,,True,,,831.0,2676.0,Average Median Fluorescence intensity,0.4E-3,,,1362.0,2676.0,30 min,Flow cytometry,Saos-2 cells,Rho-labeled SNAP-tag,,37ºC,,,,
8480,49,MIEMAM,,,False,,,,,,,,,,,,,,,,,,,,
8484,1837,MIIFRAAASHKK,,natural_cpp,True,,,,,,,,,,,,,,,,,1.0,10.1093/database/bas015,,CPPsite: a curated database of cell penetrating peptides
8494,2924,MIILIIMGVADLIKKFESISKEE,,,True,,,1613.0,2924.0,Median Fluorescence intensity,9,,,1609.0,2924.0,2h,Flow cytometry,HeLa cells,Carboxyfluorescein,,,,,,
8499,1848,MIIYRAEISH,,natural_cpp,True,,,,,,,,,,,,,,,,,1.0,10.1093/database/bas015,,CPPsite: a curated database of cell penetrating peptides
8501,1850,MIIYRALISHKK,,natural_cpp,True,,,,,,,,,,,,,,,,,1.0,10.1093/database/bas015,,CPPsite: a curated database of cell penetrating peptides
8522,1862,MLLLTRRRST,,natural_cpp,True,,,,,,,,,,,,,,,,,1.0,10.1093/database/bas015,,CPPsite: a curated database of cell penetrating peptides
8524,1280,MLRNAQARLLRDN,,,False,,,,,,,,,,,,,,,,,2.0,10.1186/1479-5876-11-74,,In silico approaches for designing highly effective cell penetrating peptides
8534,36,MPVMFYFSARNEVALVLVYFNFMIMMMH,,,False,,,,,,,,,,,,,,,,,,,,
8545,2819,MSGPGVGVPGVGVPGVGVPGFGVPGVGVPGVGVPGFGVPGVGVPGGGVPGGGVPGVGVPGAGVPGVGVPGGGVPGVGVPGVGVPGVGVPGFGVPGVGVPGVGVPGFGVPGVGVPGGGVPGGGVPGVGVPGAGVPGVGVPGGGVPGWPC,,,True,,,1308.0,2819.0,,0,,,1504.0,2819.0,1h,CLSM,MDA-MB-231 cells,Alexa488,,37ºC,,,,
8548,2821,MSGYGRKKRRQRRRGGGRKRLDRNGGGPGVGVPGVGVPGVGVPGFGVPGVGVPGVGVPGFGVPGVGVPGGGVPGGGVPGVGVPGAGVPGVGVPGGGVPVGVPGVGVPGVGVPGFGVPGVGVPGVGVPGFGVPGVGVPGGGVPGGGVPGVGVPGAGVPGVGVPGGGVPGWPC,,,True,,,1310.0,2821.0,,0,,,1506.0,2821.0,1h,CLSM,MDA-MB-231 cells,Alexa488,,37ºC,,,,
8630,1233,MWELEKKSAVADKHELLSLASSNHLGKSLQLLMDR,,,False,,,,,,,,,,,,,,,,,2.0,10.1186/1479-5876-11-74,,In silico approaches for designing highly effective cell penetrating peptides
8634,2732,Mpa(luc)-GSLKTRVLKR-NH2,,,True,,,982.0,2732.0,Cellular uptake,2.7,,,1417.0,2732.0,1h,Cytotoxicity analysis,HEK293T cells,luciferin,,37ºC,,,,
8662,2741,Mpa(luc)-RWKLFNKQEW-NH2,,,True,,,1017.0,2741.0,Cellular uptake,2.7,,,1426.0,2741.0,1h,Cytotoxicity analysis,HEK293T cells,luciferin,,37ºC,,,,
8666,2733,Mpa(luc)-SLKTRVLKRW-NH2,,,True,,,988.0,2733.0,Cellular uptake,16.7,,,1418.0,2733.0,1h,Cytotoxicity analysis,HEK293T cells,luciferin,,37ºC,,,,
8670,2736,Mpa(luc)-TRVLKRWKLF-NH2,,,True,,,998.0,2736.0,Cellular uptake,3,,,1421.0,2736.0,1h,Cytotoxicity analysis,HEK293T cells,luciferin,,37ºC,,,,
8684,591,NAAPLG,,,False,,,,,,,,,,,,,,,,,1.0,10.1093/database/bas015,,CPPsite: a curated database of cell penetrating peptides
8690,1865,NAKTRRHERRRKLAIERGC,,natural_cpp,True,,,,,,,,,,,,,,,,,1.0,10.1093/database/bas015,,CPPsite: a curated database of cell penetrating peptides
8696,654,NFSQYFFSFWTQPQRIR,,,False,,,,,,,,,,,,,,,,,1.0,10.1093/database/bas015,,CPPsite: a curated database of cell penetrating peptides
8699,2867,NGVQPKYKWWKWWKKWW-NH2,,,True,,,1452.0,2867.0,Mean Fluorescence intensity,800,,,1552.0,2867.0,4h,Flow cytometry,HCT116 cells,FITC,,37ºC,,,,
8704,3002,NH2-GLRK(RLRKFRKEKIKNRFKRLRKRLG-NH2)NKIKEK-amide,,,True,,,1780.0,3002.0,Relative Cellular uptake,78,,,1687.0,3002.0,24h,Flow cytometry,MCF7 cells,CD63-GFP Evs,,37ºC,,,,
8708,1866,NIENSTLATPLS,,natural_cpp,True,,,,,,,,,,,,,,,,,1.0,10.1093/database/bas015,,CPPsite: a curated database of cell penetrating peptides
8722,531,NLSGL,,,False,,,,,,,,,,,,,,,,,1.0,10.1093/database/bas015,,CPPsite: a curated database of cell penetrating peptides
8724,2333,NLys-NLys-NLys-NLys-NLys-NLys-NLys-NLys-NLeu-NLeu-NLeu-NLeu-Nleu,NLys(2/3) variants 3,,True,,,666.0,2333.0,Mean Fluorescence intensity,3.2,,,137.0,2333.0,1h,Flow cytometry,MCF7 cells,Carboxyfluorescein,Uptake,,,,,
8729,2328,NLys-Nspe-Nspe-NLys-Nspe-Nspe-NLys-Nspe-Nspe-NLys-Nspe-Nspe,NLys(1/3) variants 2,,True,,,661.0,2328.0,Mean Fluorescence intensity,92.8,,,132.0,2328.0,1h,Flow cytometry,MCF7 cells,Carboxyfluorescein,Uptake,,,,,
8743,1871,NRRMKWKK,,natural_cpp,True,,,74.0,1871.0,% Absorbance relative to peptide 1 (405 nm),60,,,361.0,1871.0,60 min,Fluorescent Microscopy,HaCaT cells,Biotin,,,1.0,10.1093/database/bas015,,CPPsite: a curated database of cell penetrating peptides
8745,469,NRVGDRIE,,,False,,,,,,,,,,,,,,,,,1.0,10.1093/database/bas015,,CPPsite: a curated database of cell penetrating peptides
8748,137,NSDMAHERKFMWQYNR,,,False,,,,,,,,,,,,,,,,,,,,
8756,2592,NTCTWLKYHS,,,True,,,671.0,2592.0,Fluorescence intensity,95,,,1279.0,2592.0,2h,CLSM,U87 cells,FITC,,37ºC,,,,
8767,2812,NVFKGNTISDKISFNFSDK,,,True,,,1286.0,2812.0,Median Fluorescence intensity,900,,,1497.0,2812.0,30min,Flow cytometry,CHO-K1 cells,PA,,37ºC,,,,
8787,2807,NYRWRCKNQN,,,True,,,1280.0,2807.0,,0,,,1492.0,2807.0,1h,Fluorescent Microscopy,A549 cells,FITC,,37ºC,,,,
8789,1873,NYTTYKSHFQDR,,natural_cpp,True,,,,,,,,,,,,,,,,,1.0,10.1093/database/bas015,,CPPsite: a curated database of cell penetrating peptides
8791,2351,Nbtg-Nbtg-Nspe-Nbtg-Nbtg-Nspe-Nbtg-Nbtg-Nspe-Nbtg-Nbtg-Nspe,,,True,,,,,,,,,,,,,,,,,,,,
8799,411,PADWRGCKPSCPWGSSSWCNEECT,,,False,,,,,,,,,,,,,,,,,1.0,10.1093/database/bas015,,CPPsite: a curated database of cell penetrating peptides
8803,1874,PARAARRAARR,,natural_cpp,True,,,,,,,,,,,,,,,,,1.0,10.1093/database/bas015,,CPPsite: a curated database of cell penetrating peptides
8805,200,PATRTLISYVLKFQILKA,,,False,,,,,,,,,,,,,,,,,1.0,10.1093/database/bas015,,CPPsite: a curated database of cell penetrating peptides
8811,726,PDKMRWDKCRYYHDRYTTT,,,False,,,,,,,,,,,,,,,,,1.0,10.1093/database/bas015,,CPPsite: a curated database of cell penetrating peptides
8823,1875,PFVYLI,,natural_cpp,True,,,1811.0,1875.0,Cellular uptake (%),50,,,1192.0,1875.0,120 min,Flow cytometry,bEnd.3 cells,Erlo,,37ºC,1.0,10.1093/database/bas015,,CPPsite: a curated database of cell penetrating peptides
8856,819,PGAGGFQISNPSAIDLACLCAALSVF,,,False,,,,,,,,,,,,,,,,,1.0,10.1093/database/bas015,,CPPsite: a curated database of cell penetrating peptides
8860,1025,PGVTVPVG,,,False,,,,,,,,,,,,,,,,,1.0,10.1093/database/bas015,,CPPsite: a curated database of cell penetrating peptides
8896,125,PLGPVVHKCCPGFGGLQWLPLLWNWYQNMWGN,,,False,,,,,,,,,,,,,,,,,,,,
8909,1430,PMLKE,,cpp,True,,,162.0,1430.0,Cellular uptake (%),65 ± 3.7,,,1098.0,1430.0,180 min,Flow cytometry,DAMI cells,Fluorescein,,37ºC,5.0,doi.org/10.1007/s10822-020-00307-z,,TargetCPP: accurate prediction of cell-penetrating peptides from optimized multi-scale features using gradient boost decision tree
8937,973,PQPQGRGNRALAMVHLPQGGG,,,False,,,,,,,,,,,,,,,,,1.0,10.1093/database/bas015,,CPPsite: a curated database of cell penetrating peptides
8939,780,PRKQRRERTTFTRAQLDILEALFAKTRYPDIFMR,,,False,,,,,,,,,,,,,,,,,1.0,10.1093/database/bas015,,CPPsite: a curated database of cell penetrating peptides
8943,1243,PRPMIHHSSLNFSFSGLKTFTSKVISNNTLNIQQKANIAR,,,False,,,,,,,,,,,,,,,,,2.0,10.1186/1479-5876-11-74,,In silico approaches for designing highly effective cell penetrating peptides
8948,1148,PRPRPLPFPRPG,,,False,,,240.0,1886.0,Intracellular Fluorescence,80,,,1155.0,1886.0,30 min,Fluorescence spectroscopy,RAW264.7 cells,Fluorescein,,37ºC,1.0,10.1093/database/bas015,,CPPsite: a curated database of cell penetrating peptides
8958,669,PSDKF,,,False,,,,,,,,,,,,,,,,,1.0,10.1093/database/bas015,,CPPsite: a curated database of cell penetrating peptides
8962,1889,PSSSSSSRIGDP,,natural_cpp,True,,,,,,,,,,,,,,,,,1.0,10.1093/database/bas015,,CPPsite: a curated database of cell penetrating peptides
8972,406,PVPSLNVLNGGKH,,,False,,,,,,,,,,,,,,,,,1.0,10.1093/database/bas015,,CPPsite: a curated database of cell penetrating peptides
8976,2916,PWPRVPWRWGSTSRDHMVLHEYVNAAGIT,,,True,,,1600.0,2916.0,Normalized Mean Fluorescence intensity,1,,,1601.0,2916.0,30 min,Flow cytometry,HeLa cells,Carboxyfluorescein,,,,,,
8988,515,QESDGKVRSFIVPFSNLAPLMRVGHLRYQLA,,,False,,,,,,,,,,,,,,,,,1.0,10.1093/database/bas015,,CPPsite: a curated database of cell penetrating peptides
8991,694,QFSKQQSKS,,,False,,,,,,,,,,,,,,,,,1.0,10.1093/database/bas015,,CPPsite: a curated database of cell penetrating peptides
8994,43,QIFWDSRHPSQH,,,False,,,,,,,,,,,,,,,,,,,,
8999,1241,QIRSYVLDDSRIKDLRTGVETRNTQAVLDGDLD,,,False,,,,,,,,,,,,,,,,,2.0,10.1186/1479-5876-11-74,,In silico approaches for designing highly effective cell penetrating peptides
9002,807,QKLKKMNLKNTIKKDIQDALIKIAIINCDP,,,False,,,,,,,,,,,,,,,,,1.0,10.1093/database/bas015,,CPPsite: a curated database of cell penetrating peptides
9003,74,QKVAFCDCCYDDIYTVEFKGCIFRPK,,,False,,,,,,,,,,,,,,,,,,,,
9019,45,QNDWQSVPLHQNYKKTPTQVY,,,False,,,,,,,,,,,,,,,,,,,,
9033,1305,QREENVKQAKAMGEKAKVSIRNIRKDANDAVKKLEKDKAI,,,False,,,,,,,,,,,,,,,,,2.0,10.1186/1479-5876-11-74,,In silico approaches for designing highly effective cell penetrating peptides
9036,561,QRTIAMAKQMFRAL,,,False,,,,,,,,,,,,,,,,,1.0,10.1093/database/bas015,,CPPsite: a curated database of cell penetrating peptides
9037,124,QSGAKPGHCEWQSTHLKNCEKVNDIRQPPHHQRS,,,False,,,,,,,,,,,,,,,,,,,,
9038,787,QSLPSLRHLQLLPSP,,,False,,,,,,,,,,,,,,,,,1.0,10.1093/database/bas015,,CPPsite: a curated database of cell penetrating peptides
9041,434,QSSTVYLGI,,,False,,,,,,,,,,,,,,,,,1.0,10.1093/database/bas015,,CPPsite: a curated database of cell penetrating peptides
9043,1217,QTGCQNTWIQSKCPASCFCRTEIIMKKRIPRIYIKYFLQI,,,False,,,,,,,,,,,,,,,,,2.0,10.1186/1479-5876-11-74,,In silico approaches for designing highly effective cell penetrating peptides
9047,386,QVHIWRRSYDISPPDLDPQDPNSAHN,,,False,,,,,,,,,,,,,,,,,1.0,10.1093/database/bas015,,CPPsite: a curated database of cell penetrating peptides
9056,1151,QWQRNMRKVRGPPVSCIKR,,,False,,,259.0,1900.0,Fluorescence intensity,7.5,,,1166.0,1900.0,30 min,Flow cytometry,HeLa cells,Fluorescein,,,1.0,10.1093/database/bas015,,CPPsite: a curated database of cell penetrating peptides
9073,277,RAKEAAEEPSH,,,False,,,,,,,,,,,,,,,,,1.0,10.1093/database/bas015,,CPPsite: a curated database of cell penetrating peptides
9074,1152,RAKRRQRRR,,,False,,,10.0,1902.0,Mean Fluorescence intensity,32.5,,,1023.0,1902.0,10 min,Flow cytometry,Jurkat cells,Fluorescein,,23ºC,1.0,10.1093/database/bas015,,CPPsite: a curated database of cell penetrating peptides
9083,2171,RCGRASRCRVRWMRRRRI,,natural_cpp,True,,,,,,,,,,,,,,,,,2.0,10.1186/1479-5876-11-74,,In silico approaches for designing highly effective cell penetrating peptides
9086,641,RDIIQR,,,False,,,,,,,,,,,,,,,,,1.0,10.1093/database/bas015,,CPPsite: a curated database of cell penetrating peptides
9090,1044,REASPYL,,,False,,,,,,,,,,,,,,,,,1.0,10.1093/database/bas015,,CPPsite: a curated database of cell penetrating peptides
9092,3009,REDVGRKKRRQRRRPQCPKKKRKVEDPHHHHHHHHHHHH,,,True,,,1788.0,3009.0,Mean Fluorescence intensity,7000,,,1694.0,3009.0,4h,Flow cytometry,Endothelial cells,Cy5-oligonucleotide,,37ºC,,,,
9098,675,RELAKAEKLSLEEGGKDARGLLSGLRRRKRPLSW,,,False,,,,,,,,,,,,,,,,,1.0,10.1093/database/bas015,,CPPsite: a curated database of cell penetrating peptides
9102,956,RFACAHKFPATEEMTRLIAV,,,False,,,,,,,,,,,,,,,,,1.0,10.1093/database/bas015,,CPPsite: a curated database of cell penetrating peptides
9103,373,RFFALHFILPF,,,False,,,,,,,,,,,,,,,,,1.0,10.1093/database/bas015,,CPPsite: a curated database of cell penetrating peptides
9105,2782,RFFR,,,True,,,1185.0,2782.0,,0,,,1467.0,2782.0,30min,CLSM,SH-SY5Y cells,TAMPA,,37ºC,,,,
9106,92,RFGFFPMDQPGTGWT,,,False,,,,,,,,,,,,,,,,,,,,
9108,142,RFVHNC,,,False,,,,,,,,,,,,,,,,,,,,
9117,2174,RGDRLDRRDLRLDRRDLRC,,natural_cpp,True,,,,,,,,,,,,,,,,,2.0,10.1186/1479-5876-11-74,,In silico approaches for designing highly effective cell penetrating peptides
9121,2892,RGERPPR,,,True,,,1535.0,2892.0,Fluorescence intensity,210,,,1577.0,2892.0,30min,Flow cytometry,MDA-MB-231 cells,Cou-6,,37ºC,,,,
9149,2865,RGGRLSYSRRRFSTSTGRVPGVVVVVGGGAAGLPRHSAVMERLRRRIELCRRHHSTCEARYEAVSPERLELERQHTFALHQRCIQAKAKRAGKH,,,True,,,1446.0,2865.0,Relative fluorescence,24,,,1550.0,2865.0,1h,Flow cytometry,D54 cells,Fluorescein,,37ºC,,,,
9166,1908,RIFIHFRIGC,,natural_cpp,True,,,,,,,,,,,,,,,,,1.0,10.1093/database/bas015,,CPPsite: a curated database of cell penetrating peptides
9203,1919,RKKRRARRR,,natural_cpp,True,,,14.0,1919.0,Mean Fluorescence intensity,132.5,,,1027.0,1919.0,10 min,Flow cytometry,Jurkat cells,Fluorescein,,23ºC,1.0,10.1093/database/bas015,,CPPsite: a curated database of cell penetrating peptides
9223,148,RKKRRQRRR,,,False,,,699.0,1435.0,% Average area uptake,27 ±13,,,859.0,1435.0,15 min,Flow cytometry,Jurkat cells,Fluorescein,,23ºC,1.0,10.1093/database/bas015,,CPPsite: a curated database of cell penetrating peptides
9351,2713,RKKRRQRRR-EIWIAQELRRIGDEFNAYYARLL-C,,,True,,,923.0,2713.0,Mean Fluorescence intensity,90,,,1398.0,2713.0,30min,Fluorescent Microscopy,HeLa cells,AT521,,37ºC,,,,
9398,2239,RLRWR,AIP6,,True,C,,,,,,,,,,,,,,,,,,,
9443,1168,RLWMRWYSPWTRRWG,,,False,,,192.0,1947.0,Fluorescence intensity,530,,,584.0,1947.0,60 min,Flow cytometry,CHO cells,Fluorescein,,37ºC,1.0,10.1093/database/bas015,,CPPsite: a curated database of cell penetrating peptides
9462,1016,RNPTR,,,False,,,,,,,,,,,,,,,,,1.0,10.1093/database/bas015,,CPPsite: a curated database of cell penetrating peptides
9463,2774,RNQRKTVRCFRCRQAGHWISDCRLKSK,,,True,,,1143.0,2774.0,Relative fluorescence,1800.33±590.46,,,1459.0,2774.0,30min,Flow cytometry,HDF cells,FITC,,37ºC,,,,
9487,1437,RQARRNRRRALWKTLLKKVLKA,,cpp,True,,,,,,,,,,,,,,,,,5.0,doi.org/10.1007/s10822-020-00307-z,,TargetCPP: accurate prediction of cell-penetrating peptides from optimized multi-scale features using gradient boost decision tree
9497,30,RQIKIFFQNRRMKFKK,,,False,,,,,,,,,,,,,,,,,4.0,10.1371/journal.pcbi.1002101,,Prediction of Cell Penetrating Peptides by Support Vector Machines
9505,1170,RQIKIW,,,False,,,66.0,1959.0,% Absorbance relative to peptide 1 (405 nm),20,,,1047.0,1959.0,60 min,Fluorescent Microscopy,HaCaT cells,Biotin,,,1.0,10.1093/database/bas015,,CPPsite: a curated database of cell penetrating peptides
9536,1174,RQIKIWFQNRR,,,False,,,62.0,1968.0,% Absorbance relative to peptide 1 (405 nm),25,,,1043.0,1968.0,60 min,Fluorescent Microscopy,HaCaT cells,Biotin,,,1.0,10.1093/database/bas015,,CPPsite: a curated database of cell penetrating peptides
9557,1176,RQIKIWFQNRRMKWAK,,,False,,,91.0,1974.0,% Absorbance relative to peptide 1 (405 nm),21,,,1055.0,1974.0,60 min,Fluorescent Microscopy,HaCaT cells,Biotin,,,1.0,10.1093/database/bas015,,CPPsite: a curated database of cell penetrating peptides
9561,32,RQIKIWFQNRRMKWK,,,False,,,58.0,1353.0,% Absorbance relative to peptide 1 (405 nm),57,,,12.0,1353.0,60 min,Fluorescent Microscopy,HaCaT cells,Biotin,Cellular uptake,,4.0,10.1371/journal.pcbi.1002101,,Prediction of Cell Penetrating Peptides by Support Vector Machines
10318,167,RQIKIWFQNRRMKWK–NH2,pAntp43–57,,False,,,,,,,,,,,,,,,,,,,,
10346,1179,RRIRPRPPRLPRPRPRP,,,False,,,236.0,1985.0,Intracellular Fluorescence,130,,,1151.0,1985.0,30 min,Fluorescence spectroscopy,RAW264.7 cells,Fluorescein,,37ºC,1.0,10.1093/database/bas015,,CPPsite: a curated database of cell penetrating peptides
10354,1181,RRKLSQQKEKK,,,False,,,,,,,,,,,,,,,,,1.0,10.1093/database/bas015,,CPPsite: a curated database of cell penetrating peptides
10360,558,RRLAAGIDLGTTNSLVATVRSGQA,,,False,,,,,,,,,,,,,,,,,1.0,10.1093/database/bas015,,CPPsite: a curated database of cell penetrating peptides
10361,2507,RRLLRRLRR,,,True,,,433.0,2507.0,Internalized peptide (uM),0.3,,,867.0,2507.0,70 min,MALDI-TOF,CHO-K1 cells,Biotin-gly4,,37ºC,,,,
10365,2190,RRLRRLLRRLRRLLRRLR,,natural_cpp,True,,,,,,,,,,,,,,,,,2.0,10.1186/1479-5876-11-74,,In silico approaches for designing highly effective cell penetrating peptides
10366,1446,RRLSSYSSRRRF,,cpp,True,,,,,,,,,,,,,,,,,5.0,doi.org/10.1007/s10822-020-00307-z,,TargetCPP: accurate prediction of cell-penetrating peptides from optimized multi-scale features using gradient boost decision tree
10367,1182,RRLSYSRRRF,,,False,,,,,,,,,,,,,,,,,1.0,10.1093/database/bas015,,CPPsite: a curated database of cell penetrating peptides
10371,484,RRLVDVFQRWGYEYVITPMIEFTD,,,False,,,,,,,,,,,,,,,,,1.0,10.1093/database/bas015,,CPPsite: a curated database of cell penetrating peptides
10587,3067,RRRRC-PEG-b-PCL,,,True,,,1901.0,3067.0,Fluorescence intensity,2500,,,1752.0,3067.0,24h,Flow cytometry,HeLa cells,,,,,,,
10589,3036,RRRRGGRRRRRRSVCSSCVSRRRRRRGGRRRR,,,True,,,1843.0,3036.0,Mean Fluorescence intensity,10,,,1721.0,3036.0,6h,Flow cytometry,hPSC cells,FAM-labeled AMO,,37ºC,,,,
10594,1525,RRRRNRTRRNRRRVR,,natural_cpp,True,,,,,,,,,,,,,,,,,3.0,10.2174/157340910791202478,,Prediction of Cell-Penetrating Peptides Using Artificial Neural Networks
10624,3040,RRRRRFDLWKLLEN,,,True,,,1850.0,3040.0,Cellular uptake,1700,,,1725.0,3040.0,30min,Flow cytometry,HeLa cells,Rho,,37ºC,,,,
10646,1997,RRRRRRRR,,natural_cpp,True,,,972.0,1997.0,Mean Fluorescence intensity,7,,,722.0,1997.0,120 min,Liquid chromatography,Caco-2 cells,Insulin,,37ºC,1.0,10.1093/database/bas015,,CPPsite: a curated database of cell penetrating peptides
15136,2902,RRRRRRRRR-EEEEEEEEE,,,True,,,1564.0,2902.0,Relative fraction of positive cells (%),72,,,1587.0,2902.0,1.5h,Flow cytometry,A549 cells,FITC,,37ºC,,,,
15145,2839,RRRRRRRRRFGRRRRRRRRRFGRRRRRRRRRFGRRRRRRRRRFGWPPPPPPPPPGGHHHHHH,,,True,,,1371.0,2839.0,Fluorescence intensity,0,,,1524.0,2839.0,30min,Fluorescent Microscopy,COS-1 cells,QDs,,,,,,
15146,2838,RRRRRRRRRFGWPPPPPPPPPGGHHHHHH,,,True,,,1370.0,2838.0,Fluorescence intensity,0,,,1523.0,2838.0,30min,Fluorescent Microscopy,COS-1 cells,QDs,,,,,,
15148,3023,RRRRRRRRRGGGG,,,True,,,1804.0,3023.0,Cellular uptake (%),80,,,1708.0,3023.0,,Flow cytometry,A549 cells,chitosan/siRNA,,,,,,
15151,2578,RRRRRRRRRGPGVTWTPQAWFQWV,,,True,,,623.0,2578.0,% Positive cells,78.85,,,564.0,2578.0,240 min,Flow cytometry,HepG2 cells,b-galactosidase and eGFP,,,,,,
15188,1184,RRRRRRRRRRRR,,,False,,,417.0,1999.0,% Positive cells,75.2,,,856.0,1999.0,60 min,Flow cytometry,Mouse macrophage-like cell line J774 A.10,eGFP,,37ºC,1.0,10.1093/database/bas015,,CPPsite: a curated database of cell penetrating peptides
15196,2001,RRRRRRRRRRRTYADFIASGRTGRRNAI,,natural_cpp,True,,,321.0,2001.0,Fold Change in GeoMean Fluorescence of control sample,6.06,,,676.0,2001.0,30 min,Flow cytometry,CHO-K1 cells,Rho,,,1.0,10.1093/database/bas015,,CPPsite: a curated database of cell penetrating peptides
15212,2903,RRRRRWWWRRRR-EEEEEEEEE,,,True,,,1565.0,2903.0,Relative fraction of positive cells (%),75,,,1588.0,2903.0,1.5h,Flow cytometry,A549 cells,FITC,,37ºC,,,,
15215,2192,RRRRWWWWRRRR,,natural_cpp,True,,,641.0,2192.0,Mean Fluorescence intensity,750,,,575.0,2192.0,60 min,Flow cytometry,CHO-K1 cells,Carboxyfluorescein,,37ºC,2.0,10.1186/1479-5876-11-74,,In silico approaches for designing highly effective cell penetrating peptides
15216,622,RRTLPG,,,False,,,,,,,,,,,,,,,,,1.0,10.1093/database/bas015,,CPPsite: a curated database of cell penetrating peptides
15217,240,RRTNQILTKYLPVKFE,,,False,,,,,,,,,,,,,,,,,1.0,10.1093/database/bas015,,CPPsite: a curated database of cell penetrating peptides
15219,2612,RRVWRRYRRQRWCRR,,,True,,,691.0,2612.0,Mean Fluorescence (% of positive control TAT as 100 %),100,,,601.0,2612.0,60 min,Flow cytometry,HeLa cells,FITC,,37ºC,,,,
15223,2695,RRWQWR,,,True,,,1789.0,2695.0,,0,,,1381.0,2695.0,1h,Flow cytometry,A549 cells,FITC,,37ºC,,,,
15296,3041,RSQERFDLWKLLEN,,,True,,,1851.0,3041.0,Cellular uptake,3500,,,1726.0,3041.0,30min,Flow cytometry,HeLa cells,Rho,,37ºC,,,,
15302,901,RSYFNNDFIFVRPAI,,,False,,,,,,,,,,,,,,,,,1.0,10.1093/database/bas015,,CPPsite: a curated database of cell penetrating peptides
15305,473,RTQNWTNSFGSSNAGNGSTT,,,False,,,,,,,,,,,,,,,,,1.0,10.1093/database/bas015,,CPPsite: a curated database of cell penetrating peptides
15308,747,RVIASSDLVWP,,,False,,,,,,,,,,,,,,,,,1.0,10.1093/database/bas015,,CPPsite: a curated database of cell penetrating peptides
15316,2009,RVREWWYTITLKQES,,natural_cpp,True,,,,,,,,,,,,,,,,,1.0,10.1093/database/bas015,,CPPsite: a curated database of cell penetrating peptides
15328,2698,RWQW,,,True,,,857.0,2698.0,% Positive cells,9.0,,,1384.0,2698.0,1h,Flow cytometry,A549 cells,FITC,,37ºC,,,,
15338,2483,RWRWRWRW,,,True,,,1360.0,2483.0,Cell fluorescence (%),80,,,1204.0,2483.0,1h,Flow cytometry,SK-OV-3 cells,Doxorubicin,,37ºC,,,,
15429,2016,SATGAPWKMWVR,,natural_cpp,True,,,,,,,,,,,,,,,,,1.0,10.1093/database/bas015,,CPPsite: a curated database of cell penetrating peptides
15443,754,SESRRTQALILKQAK,,,False,,,,,,,,,,,,,,,,,1.0,10.1093/database/bas015,,CPPsite: a curated database of cell penetrating peptides
15445,1003,SFKMIF,,,False,,,,,,,,,,,,,,,,,1.0,10.1093/database/bas015,,CPPsite: a curated database of cell penetrating peptides
15451,2198,SGEHTNGPSKTSVRWVWD,,natural_cpp,True,,,,,,,,,,,,,,,,,2.0,10.1186/1479-5876-11-74,,In silico approaches for designing highly effective cell penetrating peptides
15461,94,SHMMGEFWGDEDMCYRHQRSYET,,,False,,,,,,,,,,,,,,,,,,,,
15477,234,SLDHLRREFAKETGIIPKGVYDFVWVVDW,,,False,,,,,,,,,,,,,,,,,1.0,10.1093/database/bas015,,CPPsite: a curated database of cell penetrating peptides
15479,2024,SLGWMLPFSPPF,,natural_cpp,True,,,,,,,,,,,,,,,,,1.0,10.1093/database/bas015,,CPPsite: a curated database of cell penetrating peptides
15482,656,SLVADNCVTLVWRMPDEDSKIDHYVLEYRRTNFE,,,False,,,,,,,,,,,,,,,,,1.0,10.1093/database/bas015,,CPPsite: a curated database of cell penetrating peptides
15495,44,SNGHACRPW,,,False,,,,,,,,,,,,,,,,,,,,
15496,2026,SNPWDSLLSVST,,natural_cpp,True,,,,,,,,,,,,,,,,,1.0,10.1093/database/bas015,,CPPsite: a curated database of cell penetrating peptides
15510,441,SRLSELSKVQISELS,,,False,,,,,,,,,,,,,,,,,1.0,10.1093/database/bas015,,CPPsite: a curated database of cell penetrating peptides
15512,2030,SRRARRSPRESGKKRKRKR,,natural_cpp,True,,,,,,,,,,,,,,,,,1.0,10.1093/database/bas015,,CPPsite: a curated database of cell penetrating peptides
15535,1192,SRWRWKSSKK,,,False,,,119.0,2044.0,Mean Fluorescence intensity,193,,,1080.0,2044.0,1080 min,Fluorescence spectroscopy,NIH-3T3 cells,FITC,,37ºC,1.0,10.1093/database/bas015,,CPPsite: a curated database of cell penetrating peptides
15545,1013,SSPQIDDAERGFSFMNDGP,,,False,,,,,,,,,,,,,,,,,1.0,10.1093/database/bas015,,CPPsite: a curated database of cell penetrating peptides
15550,651,STEPRRLV,,,False,,,,,,,,,,,,,,,,,1.0,10.1093/database/bas015,,CPPsite: a curated database of cell penetrating peptides
15560,2047,SWLPYPWHVPSS,,natural_cpp,True,,,,,,,,,,,,,,,,,1.0,10.1093/database/bas015,,CPPsite: a curated database of cell penetrating peptides
15561,2048,SWWTPWHVHSES,,natural_cpp,True,,,,,,,,,,,,,,,,,1.0,10.1093/database/bas015,,CPPsite: a curated database of cell penetrating peptides
15564,1488,SYDDLRRRKRFYYFTDVRVAA,HPV33L2-DD447,cpp,True,H,,,,,,,,,,,,,,,,6.0,10.1021/acsomega.8b02348,,Screening of a Cell-Penetrating Peptide Library in Escherichia coli: Relationship between Cell Penetration Efficiency and Cytotoxicity
15565,1486,SYFILRRRRKRFYYFTDVRVAA,HPV33L2-445/467,cpp,True,A,,,,,,,,,,,,,,,,6.0,10.1021/acsomega.8b02348,,Screening of a Cell-Penetrating Peptide Library in Escherichia coli: Relationship between Cell Penetration Efficiency and Cytotoxicity
15569,140,SYNTF,,,False,,,,,,,,,,,,,,,,,,,,
15580,429,TALSKFGMPMNAL,,,False,,,,,,,,,,,,,,,,,1.0,10.1093/database/bas015,,CPPsite: a curated database of cell penetrating peptides
15581,109,TAQVFFNVYKKAKPN,,,False,,,,,,,,,,,,,,,,,,,,
15587,892,TCISNITGLILTFDRNNTNNVTFR,,,False,,,,,,,,,,,,,,,,,1.0,10.1093/database/bas015,,CPPsite: a curated database of cell penetrating peptides
15588,2605,TCTWLKYH,,,True,,,684.0,2605.0,Relative penetration efficiency,2,,,1292.0,2605.0,2h,CLSM,U87 cells,FITC,,37ºC,,,,
15593,262,TECTFM,,,False,,,,,,,,,,,,,,,,,1.0,10.1093/database/bas015,,CPPsite: a curated database of cell penetrating peptides
15594,794,TEKASRIGAAEKASRGDQES,,,False,,,,,,,,,,,,,,,,,1.0,10.1093/database/bas015,,CPPsite: a curated database of cell penetrating peptides
15599,699,TESENDTLSESSTTSISSSPSENSDTSDDLTKVD,,,False,,,,,,,,,,,,,,,,,1.0,10.1093/database/bas015,,CPPsite: a curated database of cell penetrating peptides
15604,607,TFTDYVDRFNSV,,,False,,,,,,,,,,,,,,,,,1.0,10.1093/database/bas015,,CPPsite: a curated database of cell penetrating peptides
15605,1235,TGARPGTSPKRCPTCGGTGQIRTTRTG,,,False,,,,,,,,,,,,,,,,,2.0,10.1186/1479-5876-11-74,,In silico approaches for designing highly effective cell penetrating peptides
15607,677,TGIEDKEAWHGKPLPKNMAE,,,False,,,,,,,,,,,,,,,,,1.0,10.1093/database/bas015,,CPPsite: a curated database of cell penetrating peptides
15608,206,TGPSPAPPYGLFVGGRFQSPGTQSSR,,,False,,,,,,,,,,,,,,,,,1.0,10.1093/database/bas015,,CPPsite: a curated database of cell penetrating peptides
15624,1196,TKRRITPDDVIDVRSVTTEINT,,,False,,,179.0,2054.0,Fluorescence intensity,50,,,1104.0,2054.0,,Flow cytometry,HeLa cells,(FITC)-labeled latex microspheres,,37ºC,1.0,10.1093/database/bas015,,CPPsite: a curated database of cell penetrating peptides
15668,119,TLISLFWWMESWEQTVNPPMSRIFREPKMPFEE,,,False,,,,,,,,,,,,,,,,,,,,
15671,2058,TLPSPLALLTVH,,natural_cpp,True,,,,,,,,,,,,,,,,,1.0,10.1093/database/bas015,,CPPsite: a curated database of cell penetrating peptides
15673,2994,TMR-G(GEt)(GEt)(GEt)(GEt)(GEt)(GEt)(GEt)(GEt)(GEt)-NH2,,,True,,,1772.0,2994.0,RFU/mg,200,,,1679.0,2994.0,2h,Fluorescence spectroscopy,HeLa cells,,,4ºC,,,,
15677,106,TNRSK,,,False,,,,,,,,,,,,,,,,,,,,
15679,1056,TPDELYFE,,,False,,,,,,,,,,,,,,,,,1.0,10.1093/database/bas015,,CPPsite: a curated database of cell penetrating peptides
15696,932,TRNISTYSVTV,,,False,,,,,,,,,,,,,,,,,1.0,10.1093/database/bas015,,CPPsite: a curated database of cell penetrating peptides
15782,865,TTVYNA,,,False,,,,,,,,,,,,,,,,,1.0,10.1093/database/bas015,,CPPsite: a curated database of cell penetrating peptides
15795,2607,TWLKYH,,,True,,,686.0,2607.0,Relative penetration efficiency,0.5,,,1014.0,2607.0,960 min,Flow cytometry,HEK293 cells,TAMRA,,,,,,
15815,1281,VAAQMQHVAAFSLVAAPLLPAAAANSPPGSGPGTLPGLPAPI,,,False,,,,,,,,,,,,,,,,,2.0,10.1186/1479-5876-11-74,,In silico approaches for designing highly effective cell penetrating peptides
15825,108,VCWAHCIIALWMYNFCFP,,,False,,,,,,,,,,,,,,,,,,,,
15837,2065,VELPPPVELPPPVELPPP,,natural_cpp,True,,,265.0,2065.0,Fluorescence intensity,5,,,659.0,2065.0,180 min,Flow cytometry,A549 cells,Fluorescein,,37ºC,1.0,10.1093/database/bas015,,CPPsite: a curated database of cell penetrating peptides
15849,790,VGALLK,,,False,,,,,,,,,,,,,,,,,1.0,10.1093/database/bas015,,CPPsite: a curated database of cell penetrating peptides
15850,1306,VGAQSLNALTGQIVPKDIQLATPPQVGAPATEYAALAELKAIASRNKRF,,,False,,,,,,,,,,,,,,,,,2.0,10.1186/1479-5876-11-74,,In silico approaches for designing highly effective cell penetrating peptides
15851,2430,VGAlAvVvWlWlWlWbA-GSG-PKKKRKVC,,,True,,,,,,,,,,,,,,,,,,,,
15858,1201,VHLPPP,,,False,,,292.0,2066.0,Fluorescence intensity,0,,,1184.0,2066.0,180 min,Fluorescent Microscopy,HeLa cells,Fluorescein,,37ºC,1.0,10.1093/database/bas015,,CPPsite: a curated database of cell penetrating peptides
15872,592,VINLLMKVI,,,False,,,,,,,,,,,,,,,,,1.0,10.1093/database/bas015,,CPPsite: a curated database of cell penetrating peptides
15897,1224,VLASGAKRVSDA,,,False,,,,,,,,,,,,,,,,,2.0,10.1186/1479-5876-11-74,,In silico approaches for designing highly effective cell penetrating peptides
15920,1208,VNADIKATTVFGGKYVSLTTP,,,False,,,168.0,2076.0,Fluorescence intensity,47.5,,,628.0,2076.0,,Flow cytometry,HeLa cells,(FITC)-labeled latex microspheres,,37ºC,1.0,10.1093/database/bas015,,CPPsite: a curated database of cell penetrating peptides
15924,877,VNAEAM,,,False,,,,,,,,,,,,,,,,,1.0,10.1093/database/bas015,,CPPsite: a curated database of cell penetrating peptides
15981,3082,VQWRIRVAVIRK,,,True,,,1933.0,3082.0,Mean Fluorescence intensity,130000,,,1767.0,3082.0,4h,Flow cytometry,GL261 cells,siRNA,,,,,,
15992,1462,VRLPPPVRLPPPVRLPPP,,cpp,True,,,291.0,1462.0,Fluorescence intensity,575,,,459.0,1462.0,180 min,Fluorescent Microscopy,HeLa cells,Fluorescein,,37.0 °C,5.0,doi.org/10.1007/s10822-020-00307-z,,TargetCPP: accurate prediction of cell-penetrating peptides from optimized multi-scale features using gradient boost decision tree
16002,2085,VSGKK,,natural_cpp,True,,,,,,,,,,,,,,,,,1.0,10.1093/database/bas015,,CPPsite: a curated database of cell penetrating peptides
16003,2086,VSKQPYYMWNGN,,natural_cpp,True,,,,,,,,,,,,,,,,,1.0,10.1093/database/bas015,,CPPsite: a curated database of cell penetrating peptides
16069,511,VVMTV,,,False,,,,,,,,,,,,,,,,,1.0,10.1093/database/bas015,,CPPsite: a curated database of cell penetrating peptides
16073,267,VVVDIATLT,,,False,,,,,,,,,,,,,,,,,1.0,10.1093/database/bas015,,CPPsite: a curated database of cell penetrating peptides
16074,100,VWCIRSWKITS,,,False,,,,,,,,,,,,,,,,,,,,
16080,128,WCFYLIHVMWWRMGDGQWFCISWDDSYKR,,,False,,,,,,,,,,,,,,,,,,,,
16081,2088,WEAALAEALAEALAEHLAEALAEALEALAA,,natural_cpp,True,,,,,,,,,,,,,,,,,1.0,10.1093/database/bas015,,CPPsite: a curated database of cell penetrating peptides
16088,2089,WEAKLAKALAKALAKHLAKALAKALKACEA,,natural_cpp,True,,,,,,,,,,,,,,,,,1.0,10.1093/database/bas015,,CPPsite: a curated database of cell penetrating peptides
16115,900,WHAMHRVHHGLHDLQIH,,,False,,,,,,,,,,,,,,,,,1.0,10.1093/database/bas015,,CPPsite: a curated database of cell penetrating peptides
16122,2216,WKARRQAFRVLHHWN,,natural_cpp,True,,,,,,,,,,,,,,,,,2.0,10.1186/1479-5876-11-74,,In silico approaches for designing highly effective cell penetrating peptides
16129,2219,WKWRRQWFRVLHHWN,,natural_cpp,True,,,,,,,,,,,,,,,,,2.0,10.1186/1479-5876-11-74,,In silico approaches for designing highly effective cell penetrating peptides
16135,2097,WLRRIKAWLRRIKALNRQLGVAA,,natural_cpp,True,,,,,,,,,,,,,,,,,1.0,10.1093/database/bas015,,CPPsite: a curated database of cell penetrating peptides
16139,2099,WRFKKSKRKV,,natural_cpp,True,,,,,,,,,,,,,,,,,1.0,10.1093/database/bas015,,CPPsite: a curated database of cell penetrating peptides
16141,2101,WRFKWRFKWRFK,,natural_cpp,True,,,,,,,,,,,,,,,,,1.0,10.1093/database/bas015,,CPPsite: a curated database of cell penetrating peptides
16143,2978,WRWRWRWRWR,,,True,,,1750.0,2978.0,Mean Fluorescence intensity,1000,,,1663.0,2978.0,3h,Flow cytometry,CCRF-CEM cells,F'-GpYEEI,,37ºC,,,,
16147,34,WSYGLRPG,,,False,,,,,,,,,,,,,,,,,4.0,10.1371/journal.pcbi.1002101,,Prediction of Cell Penetrating Peptides by Support Vector Machines
16149,462,WVSERQQEF,,,False,,,,,,,,,,,,,,,,,1.0,10.1093/database/bas015,,CPPsite: a curated database of cell penetrating peptides
16157,2221,WWWRRRRRRRR,,natural_cpp,True,,,,,,,,,,,,,,,,,2.0,10.1186/1479-5876-11-74,,In silico approaches for designing highly effective cell penetrating peptides
16158,2787,WWWRRRRWWW,,,True,,,1195.0,2787.0,Cell fluorescence (%),8,,,1472.0,2787.0,1h,Flow cytometry,MCF7 cells,FITC,,37ºC,,,,
16188,928,YEGRFWNPQPTETYKFK,,,False,,,,,,,,,,,,,,,,,1.0,10.1093/database/bas015,,CPPsite: a curated database of cell penetrating peptides
16193,297,YFDDDDMWNKAENMLKEAADELGLSYEEA,,,False,,,,,,,,,,,,,,,,,1.0,10.1093/database/bas015,,CPPsite: a curated database of cell penetrating peptides
16197,606,YFTTVGRALSSNLVPLWDSATGKAASFVTSFSF,,,False,,,,,,,,,,,,,,,,,1.0,10.1093/database/bas015,,CPPsite: a curated database of cell penetrating peptides
16198,141,YFWDDFRYDIFMERVVMHF,,,False,,,,,,,,,,,,,,,,,,,,
16199,400,YFYSYKVVKGVKKYFSFSQSNGYK,,,False,,,,,,,,,,,,,,,,,1.0,10.1093/database/bas015,,CPPsite: a curated database of cell penetrating peptides
18069,2422,YGRKKRRQRRR-acp-DYQQD,,,True,,,,,,,,,,,,,,,,,,,,
18093,2532,YGRKKRRQRRRYGRKKRRQRRRYGRKKRRQRRR,,,True,,,474.0,2532.0,Mean Fluorescence intensity,3900,,,1247.0,2532.0,24h,Fluorescence spectroscopy,A549 cells,mCherry,,,,,,
18107,2114,YGRRRRRRRRR,,natural_cpp,True,,,,,,,,,,,,,,,,,1.0,10.1093/database/bas015,,CPPsite: a curated database of cell penetrating peptides
18108,718,YGSGSMRE,,,False,,,,,,,,,,,,,,,,,1.0,10.1093/database/bas015,,CPPsite: a curated database of cell penetrating peptides
18114,812,YKALAK,,,False,,,,,,,,,,,,,,,,,1.0,10.1093/database/bas015,,CPPsite: a curated database of cell penetrating peptides
18127,2223,YKQSHKKGGKKGSG,,natural_cpp,True,,,,,,,,,,,,,,,,,2.0,10.1186/1479-5876-11-74,,In silico approaches for designing highly effective cell penetrating peptides
18129,2117,YKRKARRAARR,,natural_cpp,True,,,,,,,,,,,,,,,,,1.0,10.1093/database/bas015,,CPPsite: a curated database of cell penetrating peptides
18130,177,YLANGEL,,,False,,,,,,,,,,,,,,,,,3.0,10.2174/157340910791202478,,Prediction of Cell-Penetrating Peptides Using Artificial Neural Networks
18140,2594,YNNFAYSVFL,,,True,,,673.0,2594.0,Fluorescence intensity,25,,,1281.0,2594.0,2h,CLSM,U87 cells,FITC,,37ºC,,,,
18142,879,YNPWDP,,,False,,,,,,,,,,,,,,,,,1.0,10.1093/database/bas015,,CPPsite: a curated database of cell penetrating peptides
18149,2598,YRDRFAFQPH,,,True,,,677.0,2598.0,Fluorescence intensity,10,,,1004.0,2598.0,120 min,CLSM,U87 cells,FITC,,37ºC,,,,
18152,2121,YRFKYRFKYRLFK,,natural_cpp,True,,,,,,,,,,,,,,,,,1.0,10.1093/database/bas015,,CPPsite: a curated database of cell penetrating peptides
18160,501,YSQQPDF,,,False,,,,,,,,,,,,,,,,,1.0,10.1093/database/bas015,,CPPsite: a curated database of cell penetrating peptides
18164,1058,YSYCILNSDNYYPWEGYQ,,,False,,,,,,,,,,,,,,,,,1.0,10.1093/database/bas015,,CPPsite: a curated database of cell penetrating peptides
18165,2125,YTAIAWVKAFIRKLRK,,natural_cpp,True,,,,,,,,,,,,,,,,,1.0,10.1093/database/bas015,,CPPsite: a curated database of cell penetrating peptides
18166,2668,YTFGLKTSFNVQ,,,True,,,818.0,2668.0,Mean Fluorescence intensity,5500,,,797.0,2668.0,960 min,Flow cytometry,CHO cells,TAMRA,,,,,,
18172,2666,YTFGLKTSFNVQYTFGLKTSFNVQ,,,True,,,815.0,2666.0,Mean Fluorescence intensity,6000,,,483.0,2666.0,960 min,Flow cytometry,CHO cells,TAMRA,,,,,,
18178,145,YTMQMLLEIHRKNW,,,False,,,,,,,,,,,,,,,,,,,,
18180,1303,YYLGAHLPIFRSYLGGGSVFTILLTAILVATNVIPKYVVT,,,False,,,,,,,,,,,,,,,,,2.0,10.1186/1479-5876-11-74,,In silico approaches for designing highly effective cell penetrating peptides
18181,1213,YYYAAGRKRKKRT,,,False,,,273.0,2127.0,Geo Mean Fluorescence intensity,115,,,663.0,2127.0,60 min,Flow cytometry,DU-145,FITC,,37ºC,1.0,10.1093/database/bas015,,CPPsite: a curated database of cell penetrating peptides
18204,2321,inlkklakl(Aib)kkil,TAM-iMitP,,True,,,609.0,2321.0,Mean Fluorescence intensity,63.06,,,121.0,2321.0,1h,Fluorescence spectroscopy,U373 MG cells,TAMRA,Translocation,,,,,
18212,2434,kkwkmrrGaGrrrrrrrrr,,,True,,,,,,,,,,,,,,,,,,,,
18223,2403,rFTFHFrFEFTFHFE,,,True,,,,,,,,,,,,,,,,,,,,
18224,2400,rHHLrHLrrHLrHLLrHLrHHL,,,True,,,,,,,,,,,,,,,,,,,,
18225,2401,rHNHrFNFrFFFNFrFNTrTN,,,True,,,,,,,,,,,,,,,,,,,,
18227,2428,rLLrLLLrLWrrLLrLLr,,,True,,,,,,,,,,,,,,,,,,,,
18246,2462,rrrRrRrR,,,True,,,,,,,,,,,,,,,,,,,,
18343,2714,stearyl-HHHHHHHHHHHHHHHH-RRRRRRRR-NH2,,,True,,,924.0,2714.0,Mean Fluorescence intensity,25,,,1399.0,2714.0,,Flow cytometry,CHO-K1 cells,EPT,,,,,,
18344,2715,stearyl-HHHHHHHHHHHHHHHH-RRRRRRRR-NH3,,,True,,,925.0,2715.0,Mean Fluorescence intensity,15,,,1400.0,2715.0,,Flow cytometry,CHO-K1 cells,EPT,,,,,,
